Ticker;CompanyName
MSTR;MICROSTRATEGY Inc
CVNA;CARVANA CO.
SMCI;Super Micro Computer, Inc.
DUOL;Duolingo, Inc.
SFM;Sprouts Farmers Market, Inc.
FIX;COMFORT SYSTEMS USA INC
RKLB;Rocket Lab USA, Inc.
SMMT;Summit Therapeutics Inc.
INSM;INSMED Inc
DOC;HEALTHPEAK PROPERTIES, INC.
ITCI;Intra-Cellular Therapies, Inc.
AUR;Aurora Innovation, Inc.
CRDO;Credo Technology Group Holding Ltd
COKE;Coca-Cola Consolidated, Inc.
PR;Permian Resources Corp
FTAI;FTAI Aviation Ltd.
PCVX;Vaxcyte, Inc.
APG;APi Group Corp
KNTK;Kinetik Holdings Inc.
HIMS;Hims & Hers Health, Inc.
HQY;HEALTHEQUITY, INC.
BRBR;BELLRING BRANDS, INC.
CRS;CARPENTER TECHNOLOGY CORP
ALTR;Altair Engineering Inc.
PWSC;POWERSCHOOL HOLDINGS, INC.
SUM;Summit Materials, Inc.
DRS;Leonardo DRS, Inc.
AAON;AAON, INC.
MLI;MUELLER INDUSTRIES INC
MTSI;MACOM Technology Solutions Holdings, Inc.
ONTO;ONTO INNOVATION INC.
ASTS;AST SpaceMobile, Inc.
ATI;ATI INC
HLNE;Hamilton Lane INC
IONQ;IonQ, Inc.
LNW;Light & Wonder, Inc.
GTLS;CHART INDUSTRIES INC
FLR;FLUOR CORP
EXLS;ExlService Holdings, Inc.
PSN;PARSONS CORP
GKOS;GLAUKOS Corp
APPF;APPFOLIO INC
SSB;SouthState Corp
SATS;EchoStar CORP
CVLT;COMMVAULT SYSTEMS INC
DDS;DILLARD'S, INC.
ONB;OLD NATIONAL BANCORP /IN/
FN;Fabrinet
EAT;BRINKER INTERNATIONAL, INC
ENSG;ENSIGN GROUP, INC
MTDR;Matador Resources Co
MDGL;MADRIGAL PHARMACEUTICALS, INC.
BECN;BEACON ROOFING SUPPLY INC
HALO;HALOZYME THERAPEUTICS, INC.
STEP;StepStone Group Inc.
RMBS;RAMBUS INC
SPXC;SPX Technologies, Inc.
CORT;CORCEPT THERAPEUTICS INC
RVMD;Revolution Medicines, Inc.
UFPI;UFP INDUSTRIES INC
SSD;Simpson Manufacturing Co., Inc.
SMR;NUSCALE POWER Corp
WTS;WATTS WATER TECHNOLOGIES INC
CHRD;Chord Energy Corp
WLLBW;Chord Energy Corp
CWST;CASELLA WASTE SYSTEMS INC
JXN;Jackson Financial Inc.
COOP;Mr. Cooper Group Inc.
TRNO;Terreno Realty Corp
SPSC;SPS COMMERCE INC
UPST;Upstart Holdings, Inc.
ZWS;Zurn Elkay Water Solutions Corp
LTH;Life Time Group Holdings, Inc.
SQSP;Squarespace, Inc.
TMHC;Taylor Morrison Home Corp
MMSI;MERIT MEDICAL SYSTEMS INC
RHP;Ryman Hospitality Properties, Inc.
GPI;GROUP 1 AUTOMOTIVE INC
ESNT;Essent Group Ltd.
AXSM;Axsome Therapeutics, Inc.
LRN;Stride, Inc.
SKY;Champion Homes, Inc.
HOMB;HOME BANCSHARES INC
LNTH;Lantheus Holdings, Inc.
CRVL;CORVEL CORP
INDB;INDEPENDENT BANK CORP
MOGA;
BBIO;BridgeBio Pharma, Inc.
JOBY;Joby Aviation, Inc.
FSS;FEDERAL SIGNAL CORP /DE/
NUVL;Nuvalent, Inc.
MC;Moelis & Co
BIPC;Brookfield Infrastructure Corp
FG;F&G Annuities & Life, Inc.
DY;DYCOM INDUSTRIES INC
GATX;GATX CORP
BE;Bloom Energy Corp
CMC;COMMERCIAL METALS Co
KNF;Knife River Corp
ABG;ASBURY AUTOMOTIVE GROUP INC
HRI;HERC HOLDINGS INC
GBCI;GLACIER BANCORP, INC.
ANF;ABERCROMBIE & FITCH CO /DE/
QTWO;Q2 Holdings, Inc.
SOUN;SOUNDHOUND AI, INC.
INTA;Intapp, Inc.
CHX;ChampionX Corp
FRSH;Freshworks Inc.
UMBF;UMB FINANCIAL CORP
ETRN;Midstream Co LLC
GH;Guardant Health, Inc.
PIPR;PIPER SANDLER COMPANIES
CSWI;CSW INDUSTRIALS, INC.
SWX;Southwest Gas Holdings, Inc.
CRK;COMSTOCK RESOURCES INC
MARA;MARA Holdings, Inc.
MTH;Meritage Homes CORP
CALM;CAL-MAINE FOODS INC
WK;WORKIVA INC
ASAN;Asana, Inc.
FFIN;FIRST FINANCIAL BANKSHARES INC
OPCH;Option Care Health, Inc.
RRR;Red Rock Resorts, Inc.
NSIT;INSIGHT ENTERPRISES INC
IDCC;InterDigital, Inc.
NOVT;NOVANTA INC
PFSI;PennyMac Financial Services, Inc.
IBP;Installed Building Products, Inc.
MOD;MODINE MANUFACTURING CO
BCPC;BALCHEM CORP
UBSI;UNITED BANKSHARES INC/WV
VLY;VALLEY NATIONAL BANCORP
URBN;URBAN OUTFITTERS INC
HWC;HANCOCK WHITNEY CORP
LANC;LANCASTER COLONY CORP
ZETA;Zeta Global Holdings Corp.
AVAV;AeroVironment Inc
SIGI;SELECTIVE INSURANCE GROUP INC
RELY;Remitly Global, Inc.
FCFS;FirstCash Holdings, Inc.
KRG;KITE REALTY GROUP TRUST
LUMN;Lumen Technologies, Inc.
ALKS;Alkermes plc.
QLYS;QUALYS, INC.
TGTX;TG THERAPEUTICS, INC.
AROC;Archrock, Inc.
KTOS;KRATOS DEFENSE & SECURITY SOLUTIONS, INC.
ESGR;Enstar Group LTD
ACA;Arcosa, Inc.
CYTK;CYTOKINETICS INC
WFRD;Weatherford International plc
SFBS;ServisFirst Bancshares, Inc.
TENB;Tenable Holdings, Inc.
RDN;RADIAN GROUP INC
CIVI;CIVITAS RESOURCES, INC.
VRNS;VARONIS SYSTEMS INC
SANM;SANMINA CORP
WHD;Cactus, Inc.
MGEE;MGE ENERGY INC
ITRI;ITRON, INC.
SLAB;SILICON LABORATORIES INC.
MDC;M.D.C. HOLDINGS, INC.
BCC;BOISE CASCADE Co
NE;Noble Corp plc
WIRE;ENCORE WIRE CORP
ITGR;Integer Holdings Corp
NARI;Inari Medical, Inc.
SHAK;Shake Shack Inc.
MGY;Magnolia Oil & Gas Corp
TNET;TRINET GROUP, INC.
RUSHA;RUSH ENTERPRISES INC \TX\
RUSHB;RUSH ENTERPRISES INC \TX\
ABCB;Ameris Bancorp
KTB;Kontoor Brands, Inc.
FELE;FRANKLIN ELECTRIC CO INC
STRL;STERLING INFRASTRUCTURE, INC.
KBH;KB HOME
MATX;Matson, Inc.
RDNT;RadNet, Inc.
EXPO;EXPONENT INC
MAC;MACERICH CO
BDC;BELDEN INC.
IESC;IES Holdings, Inc.
NJR;NEW JERSEY RESOURCES CORP
CNX;CNX Resources Corp
AEL;American National Group Inc.
SKYW;SKYWEST INC
ROAD;Construction Partners, Inc.
VCTR;Victory Capital Holdings, Inc.
PECO;Phillips Edison & Company, Inc.
IRT;INDEPENDENCE REALTY TRUST, INC.
SM;SM Energy Co
CTRE;CareTrust REIT, Inc.
KRYS;Krystal Biotech, Inc.
BGC;BGC Group, Inc.
BRZE;Braze, Inc.
CNS;COHEN & STEERS, INC.
FTDR;Frontdoor, Inc.
AESI;Atlas Energy Solutions Inc.
POR;PORTLAND GENERAL ELECTRIC CO /OR/
SR;SPIRE MISSOURI INC
IPAR;INTERPARFUMS INC
KAI;KADANT INC
GLNG;GOLAR LNG LTD
PBH;Prestige Consumer Healthcare Inc.
PRIM;Primoris Services Corp
VRRM;VERRA MOBILITY Corp
BKH;BLACK HILLS CORP /SD/
SLG;SL GREEN REALTY CORP
AEIS;ADVANCED ENERGY INDUSTRIES INC
CNO;CNO Financial Group, Inc.
DOCN;DigitalOcean Holdings, Inc.
CVCO;CAVCO INDUSTRIES INC.
TDS;TELEPHONE & DATA SYSTEMS INC /DE/
MWA;Mueller Water Products, Inc.
ESE;ESCO TECHNOLOGIES INC
PNM;PNM Resources Inc
ELF;e.l.f. Beauty, Inc.
PJT;PJT Partners Inc.
CARG;CarGurus, Inc.
GBTG;Global Business Travel Group, Inc.
IBOC;INTERNATIONAL BANCSHARES CORP
GHC;Graham Holdings Co
SGHC;Super Group (SGHC) Ltd
AX;Axos Financial, Inc.
RNA;Avidity Biosciences, Inc.
GSHD;Goosehead Insurance, Inc.
MUR;MURPHY OIL CORP
JBT;JBT Marel Corp
UNF;UNIFIRST CORP
HGV;Hilton Grand Vacations Inc.
UCBI;
NNI;NELNET INC
BLKB;BLACKBAUD INC
KGS;Kodiak Gas Services, Inc.
BCO;BRINKS CO
NPO;Enpro Inc.
BL;BLACKLINE, INC.
EBC;Eastern Bankshares, Inc.
ATGE;Adtalem Global Education Inc.
SWTX;SpringWorks Therapeutics, Inc.
SITM;SITIME Corp
BANF;BANCFIRST CORP /OK/
OGS;ONE Gas, Inc.
ENS;EnerSys
HLMN;Hillman Solutions Corp.
MMS;MAXIMUS, INC.
PLXS;PLEXUS CORP
SBRA;Sabra Health Care REIT, Inc.
GVA;GRANITE CONSTRUCTION INC
GOLF;Acushnet Holdings Corp.
ORA;ORMAT TECHNOLOGIES, INC.
RIOT;Riot Platforms, Inc.
HL;HECLA MINING CO/DE/
GEO;GEO GROUP INC
DORM;Dorman Products, Inc.
PTCT;PTC THERAPEUTICS, INC.
AVNT;AVIENT CORP
SMPL;Simply Good Foods Co
SNEX;StoneX Group Inc.
ALE;ALLETE INC
TCBI;TEXAS CAPITAL BANCSHARES INC/TX
MIR;Mirion Technologies, Inc.
FIZZ;NATIONAL BEVERAGE CORP
COMP;Compass, Inc.
ASB;ASSOCIATED BANC-CORP
PAYO;Payoneer Global Inc.
GFF;GRIFFON CORP
FULT;FULTON FINANCIAL CORP
AVPT;AvePoint, Inc.
APLE;Apple Hospitality REIT, Inc.
ASO;Academy Sports & Outdoors, Inc.
SKT;TANGER INC.
ALIT;Alight, Inc. / Delaware
OSCR;Oscar Health, Inc.
PRCT;PROCEPT BioRobotics Corp
AXNX;Axonics, Inc.
NOG;NORTHERN OIL & GAS, INC.
RYTM;RHYTHM PHARMACEUTICALS, INC.
APAM;Artisan Partners Asset Management Inc.
SRRK;Scholar Rock Holding Corp
AKRO;Akero Therapeutics, Inc.
CRC;California Resources Corp
ALKT;ALKAMI TECHNOLOGY, INC.
ASGN;ASGN Inc
PCH;POTLATCHDELTIC CORP
PTEN;PATTERSON UTI ENERGY INC
ENV;Enav S.p.A.
KFY;KORN FERRY
INST;INSTRUCTURE HOLDINGS, INC.
OSIS;OSI SYSTEMS INC
RXO;RXO, Inc.
CRGY;Crescent Energy Co
IRTC;iRhythm Technologies, Inc.
VAL;Valaris Ltd
HASI;HA Sustainable Infrastructure Capital, Inc.
ATMU;Atmus Filtration Technologies Inc.
FBP;FIRST BANCORP /PR/
FIBK;FIRST INTERSTATE BANCSYSTEM INC
VKTX;Viking Therapeutics, Inc.
SG;Sweetgreen, Inc.
IGT;International Game Technology PLC
WSFS;WSFS FINANCIAL CORP
FA;FIRST ADVANTAGE CORP
FUL;FULLER H B CO
TPH;Tri Pointe Homes, Inc.
ABM;ABM INDUSTRIES INC /DE/
OTTR;Otter Tail Corp
IMVT;Immunovant, Inc.
PBF;PBF Energy Inc.
GPOR;GULFPORT ENERGY CORP
CATY;CATHAY GENERAL BANCORP
POWI;POWER INTEGRATIONS INC
NWE;Northwestern Energy Group, Inc.
EE;Excelerate Energy, Inc.
GMS;GMS Inc.
RSI;Rush Street Interactive, Inc.
SGRY;Surgery Partners, Inc.
VCYT;VERACYTE, INC.
CDP;COPT DEFENSE PROPERTIES
SXT;SENSIENT TECHNOLOGIES CORP
YOU;Clear Secure, Inc.
WRBY;Warby Parker Inc.
AMBA;AMBARELLA INC
REZI;RESIDEO TECHNOLOGIES, INC.
MHO;M/I HOMES, INC.
PTVE;Pactiv Evergreen Inc.
HEES;H&E Equipment Services, Inc.
GRND;Grindr Inc.
CADE;Cadence Bank
WD;Walker & Dunlop, Inc.
WDFC;WD 40 CO
GNW;GENWORTH FINANCIAL INC
ACAD;ACADIA PHARMACEUTICALS INC
CLSK;CLEANSPARK, INC.
PATK;PATRICK INDUSTRIES INC
SLVM;Sylvamo Corp
SWI;SolarWinds Corp
ALRM;Alarm.com Holdings, Inc.
LFST;LifeStance Health Group, Inc.
HAE;HAEMONETICS CORP
TRN;TRINITY INDUSTRIES INC
NHI;NATIONAL HEALTH INVESTORS INC
CWK;Cushman & Wakefield plc
OUT;OUTFRONT Media Inc.
NSP;INSPERITY, INC.
BKU;BankUnited, Inc.
BFH;BREAD FINANCIAL HOLDINGS, INC.
DNLI;Denali Therapeutics Inc.
PI;IMPINJ INC
LAUR;LAUREATE EDUCATION, INC.
ENVA;Enova International, Inc.
USLM;UNITED STATES LIME & MINERALS INC
MGRC;MCGRATH RENTCORP
TEX;TEREX CORP
GSAT;Globalstar, Inc.
TGNA;TEGNA INC
UEC;URANIUM ENERGY CORP
TDW;TIDEWATER INC
DOOR;MASONITE INTERNATIONAL CORP
STNE;StoneCo Ltd.
AZZ;AZZ INC
AVA;AVISTA CORP
PSMT;PRICESMART INC
PLMR;Palomar Holdings, Inc.
MGNI;MAGNITE, INC.
TWST;Twist Bioscience Corp
VCEL;Vericel Corp
TBBK;Bancorp, Inc.
NMIH;NMI Holdings, Inc.
DEI;Douglas Emmett Inc
FOLD;AMICUS THERAPEUTICS, INC.
GEF;GREIF, INC
GEFB;GREIF, INC
AEO;AMERICAN EAGLE OUTFITTERS INC
PRKS;United Parks & Resorts Inc.
PRVA;Privia Health Group, Inc.
SFNC;SIMMONS FIRST NATIONAL CORP
MORF;Morphic Holding, Inc.
ENFN;Enfusion, Inc.
BRP;CALERES INC
SMTC;SEMTECH CORP
KNSA;Kiniksa Pharmaceuticals International, plc
CVBF;CVB FINANCIAL CORP
CDE;Coeur Mining, Inc.
MCY;MERCURY GENERAL CORP
LBRT;Liberty Energy Inc.
VIAV;VIAVI SOLUTIONS INC.
HCC;WARRIOR MET COAL, INC.
AKR;ACADIA REALTY TRUST
HTLF;HEARTLAND FINANCIAL USA INC
AWR;AMERICAN STATES WATER CO
IOSP;INNOSPEC INC.
FORM;FORMFACTOR INC
ALHC;Alignment Healthcare, Inc.
CALX;CALIX, INC
PRK;PARK NATIONAL CORP /OH/
CPK;CHESAPEAKE UTILITIES CORP
PDCO;PATTERSON COMPANIES, INC.
HP;Helmerich & Payne, Inc.
SHOO;STEVEN MADDEN, LTD.
BATRA;Atlanta Braves Holdings, Inc.
BATRK;Atlanta Braves Holdings, Inc.
SYNA;SYNAPTICS Inc
JOE;ST JOE Co
CPRX;CATALYST PHARMACEUTICALS, INC.
CAKE;The Cheesecake Factory Incorporated
FFBC;FIRST FINANCIAL BANCORP /OH/
LMND;Lemonade, Inc.
SEMR;SEMrush Holdings, Inc.
SIX;Sixty Six Capital Inc.
FCPT;Four Corners Property Trust, Inc.
PRFT;PERFICIENT INC
GCMG;GCM Grosvenor Inc.
OPFI;OppFi Inc.
POWL;POWELL INDUSTRIES INC
HBI;Hanesbrands Inc.
FLYW;Flywire Corp
AMK;AMKOR TECHNOLOGY, INC.
PSFE;Paysafe Ltd
LIVN;LivaNova PLC
GRBK;Green Brick Partners, Inc.
YELP;YELP INC
VSTO;Vista Outdoor Inc.
BHVN;Biohaven Ltd.
CWT;CALIFORNIA WATER SERVICE GROUP
TTMI;TTM TECHNOLOGIES INC
LCII;LCI INDUSTRIES
PAR;PAR TECHNOLOGY CORP
FRME;FIRST MERCHANTS CORP
ABR;ARBOR REALTY TRUST INC
OII;OCEANEERING INTERNATIONAL INC
HUBG;Hub Group, Inc.
BANC;BANC OF CALIFORNIA, INC.
STNG;Scorpio Tankers Inc.
UE;Urban Edge Properties
CENT;CENTRAL GARDEN & PET CO
CENTA;CENTRAL GARDEN & PET CO
PRGS;PROGRESS SOFTWARE CORP /MA
PAGS;PagSeguro Digital Ltd.
CEIX;Core Natural Resources Inc.
IBTX;Independent Bank Group, Inc.
ARWR;ARROWHEAD PHARMACEUTICALS, INC.
APPN;APPIAN CORP
PFS;PROVIDENT FINANCIAL SERVICES INC
SAH;SONIC AUTOMOTIVE INC
EWTX;Edgewise Therapeutics, Inc.
SBCF;SEACOAST BANKING CORP OF FLORIDA
EPAC;ENERPAC TOOL GROUP CORP
DIOD;DIODES INC /DEL/
PPBI;PACIFIC PREMIER BANCORP INC
PGTI;PGT Innovations, Inc.
AMRX;Amneal Pharmaceuticals, Inc.
STRA;Strategic Education, Inc.
KWR;QUAKER CHEMICAL CORP
WAFD;WAFD INC
ARCH;Arch Coal Inc
LXP;LXP Industrial Trust
FBK;FB Financial Corp
JJSF;J&J SNACK FOODS CORP
WSBC;WESBANCO INC
LGFA;LIONS GATE ENTERTAINMENT CORP /CN/
LGFB;LIONS GATE ENTERTAINMENT CORP /CN/
SEM;SELECT MEDICAL HOLDINGS CORP
MIRM;Mirum Pharmaceuticals, Inc.
RPD;Rapid7, Inc.
B;BARNES GROUP INC
RNST;RENASANT CORP
SDRL;Seadrill Ltd
ATKR;Atkore Inc.
BANR;BANNER CORP
FLNC;Fluence Energy, Inc.
SOVO;Sovos Brands, Inc.
HWKN;HAWKINS INC
MYRG;MYR GROUP INC.
TGH;Tornado Infrastructure Equipment Inc.
IBRX;ImmunityBio, Inc.
NMRK;NEWMARK GROUP, INC.
VGR;VECTOR GROUP LTD
TMDX;TransMedics Group, Inc.
SIG;SIGNET JEWELERS LTD
VICR;VICOR CORP
HI;Hillenbrand, Inc.
LBPH;Longboard Pharmaceuticals, Inc.
RAMP;LiveRamp Holdings, Inc.
DAN;DANA INC
KYMR;Kymera Therapeutics, Inc.
SXI;STANDEX INTERNATIONAL CORP/DE/
HNI;HNI CORP
GT;GOODYEAR TIRE & RUBBER CO /OH/
CPE;Callon Petroleum Co
TRMK;TRUSTMARK CORP
MTX;MINERALS TECHNOLOGIES INC
BSIG;Acadian Asset Management Inc.
VSH;VISHAY INTERTECHNOLOGY INC
IVT;InvenTrust Properties Corp.
VZIO;Vizio Holding Corp.
ZD;ZIFF DAVIS, INC.
CCS;Century Communities, Inc.
CXM;Sprinklr, Inc.
NBTB;NBT BANCORP INC
SPNT;SiriusPoint Ltd
VERA;Vera Therapeutics, Inc.
OSW;ONESPAWORLD HOLDINGS Ltd
ULCC;Frontier Group Holdings, Inc.
SHO;Sunstone Hotel Investors, Inc.
PTGX;Protagonist Therapeutics, Inc
NEOG;NEOGEN CORP
ENR;ENERGIZER HOLDINGS, INC.
KAR;OPENLANE, Inc.
ROIC;RETAIL OPPORTUNITY INVESTMENTS CORP
JBLU;JETBLUE AIRWAYS CORP
ALG;ALAMO GROUP INC
BKE;BUCKLE INC
DCPH;Deciphera Pharmaceuticals, Inc.
COCO;Vita Coco Company, Inc.
VC;VISTEON CORP
EFSC;ENTERPRISE FINANCIAL SERVICES CORP
HURN;Huron Consulting Group Inc.
LMAT;LEMAITRE VASCULAR INC
SYBT;Stock Yards Bancorp, Inc.
KLIC;KULICKE & SOFFA INDUSTRIES INC
BEAM;Beam Therapeutics Inc.
RXRX;RECURSION PHARMACEUTICALS, INC.
BBAI;BigBear.ai Holdings, Inc.
WLY;JOHN WILEY & SONS, INC.
VSEC;VSE CORP
HRMY;Harmony Biosciences Holdings, Inc.
ARCB;ARCBEST CORP /DE/
ICFI;ICF International, Inc.
AGM;FEDERAL AGRICULTURAL MORTGAGE CORP
LGND;LIGAND PHARMACEUTICALS INC
MBC;MasterBrand, Inc.
CHEF;Chefs' Warehouse, Inc.
PWP;Perella Weinberg Partners
WERN;WERNER ENTERPRISES INC
WOR;WORTHINGTON ENTERPRISES, INC.
EVTC;EVERTEC, Inc.
RVLV;Revolve Group, Inc.
ROVR;Rover Critical Minerals Corp.
ADUS;Addus HomeCare Corp
UPWK;UPWORK, INC
ENVX;Enovix Corp
SUPN;Supernus Pharmaceuticals Inc.
IIPR;INNOVATIVE INDUSTRIAL PROPERTIES INC
MTRN;MATERION Corp
AVDX;AvidXchange Holdings, Inc.
CNMD;CONMED Corp
CXW;CoreCivic, Inc.
HTH;Hilltop Holdings Inc.
CIFR;Cipher Mining Inc.
EXTR;EXTREME NETWORKS INC
NEXT;NextDecade Corp.
ATRC;AtriCure, Inc.
JAMF;Jamf Holding Corp.
DFH;Dream Finders Homes, Inc.
GBX;GREENBRIER COMPANIES INC
UFPT;UFP TECHNOLOGIES INC
EVCM;EverCommerce Inc.
LGIH;LGI Homes, Inc.
JANX;Janux Therapeutics, Inc.
OFG;OFG BANCORP
WULF;TERAWULF INC.
TRUP;TRUPANION, INC.
TARS;Tarsus Pharmaceuticals, Inc.
CWH;Camping World Holdings, Inc.
CRNX;Crinetics Pharmaceuticals, Inc.
TGI;TRIUMPH GROUP INC
OMCL;OMNICELL, INC.
FIHL;Fidelis Insurance Holdings Ltd
SKWD;Skyward Specialty Insurance Group, Inc.
INSW;International Seaways, Inc.
DFIN;Donnelley Financial Solutions, Inc.
IDYA;IDEAYA Biosciences, Inc.
AGIO;AGIOS PHARMACEUTICALS, INC.
CVI;CVR ENERGY INC
MBIN;Merchants Bancorp
PL;Planet Labs PBC
NXT;Nextracker Inc.
LEU;CENTRUS ENERGY CORP
AMEH;Amn Mutual Fund
MQ;Marqeta, Inc.
CENX;CENTURY ALUMINUM CO
PGNY;Progyny, Inc.
PLUS;EPLUS INC
SPT;Sprout Social, Inc.
WMK;WEIS MARKETS INC
CASH;PATHWARD FINANCIAL, INC.
PRDO;PERDOCEO EDUCATION Corp
NABL;N-able, Inc.
LZB;LA-Z-BOY INC
GOGL;Golden Ocean Group Ltd
STC;STEWART INFORMATION SERVICES CORP
CSGS;CSG SYSTEMS INTERNATIONAL INC
DBRG;DigitalBridge Group, Inc.
SDGR;Schrodinger, Inc.
ROCK;GIBRALTAR INDUSTRIES, INC.
DHT;DHT Holdings, Inc.
NWLI;National Western Life Group, Inc.
UNFI;UNITED NATURAL FOODS INC
HPK;HighPeak Energy, Inc.
XMTR;Xometry, Inc.
FBNC;FIRST BANCORP /NC/
FL;FOOT LOCKER, INC.
MSGE;Madison Square Garden Entertainment Corp.
BCRX;BIOCRYST PHARMACEUTICALS INC
OI;O-I Glass, Inc. /DE/
CUBI;Customers Bancorp, Inc.
NIC;NICOLET BANKSHARES INC
TFIN;Triumph Financial, Inc.
NTB;Bank of N.T. Butterfield & Son Ltd
DRH;DiamondRock Hospitality Co
SVV;Savers Value Village, Inc.
PAX;Patria Investments Ltd
NTCT;NETSCOUT SYSTEMS INC
GDYN;GRID DYNAMICS HOLDINGS, INC.
PRG;PROG Holdings, Inc.
TALO;TALOS ENERGY INC.
IAS;INTEGRAL AD SCIENCE HOLDING CORP.
UCTT;Ultra Clean Holdings, Inc.
CHCO;CITY HOLDING CO
REVG;REV Group, Inc.
DVAX;DYNAVAX TECHNOLOGIES CORP
LKFN;LAKELAND FINANCIAL CORP
NEO;NEOGENOMICS INC
PRM;Perimeter Solutions, Inc.
PD;PagerDuty, Inc.
THS;TreeHouse Foods, Inc.
SPHR;Sphere Entertainment Co.
CNXN;PC CONNECTION INC
GTY;GETTY REALTY CORP /MD/
GERN;GERON CORP
HMN;HORACE MANN EDUCATORS CORP /DE/
KMT;KENNAMETAL INC
STR;Sitio Royalties Corp.
SJW;SJW GROUP
PHR;Phreesia, Inc.
FCF;FIRST COMMONWEALTH FINANCIAL CORP /PA/
EXPI;EXP World Holdings, Inc.
WWW;WOLVERINE WORLD WIDE INC /DE/
SOI;Solaris Energy Infrastructure, Inc.
NWBI;Northwest Bancshares, Inc.
TNC;TENNANT CO
STGW;Stagwell Inc
ROG;ROGERS CORP
MTTR;Matterport, Inc./DE
TVTX;Travere Therapeutics, Inc.
UPBD;UPBOUND GROUP, INC.
SONO;Sonos Inc
STER;Sterling Check Corp.
WKC;WORLD KINECT CORP
NBHC;National Bank Holdings Corp
GNL;Global Net Lease, Inc.
VRNT;VERINT SYSTEMS INC
ARIS;Aris Water Solutions, Inc.
NAPA;Duckhorn Portfolio, Inc.
IRON;Disc Medicine, Inc.
WVE;Wave Life Sciences Ltd.
IOVA;IOVANCE BIOTHERAPEUTICS, INC.
ALGT;Allegiant Travel CO
TARO;TARO PHARMACEUTICAL INDUSTRIES LTD
SRCE;1ST SOURCE CORP
NGVT;Ingevity Corp
DXPE;DXP ENTERPRISES INC
NWN;NORTHWEST NATURAL GAS CO
KN;Knowles Corp
PBI;PITNEY BOWES INC /DE/
LZ;LEGALZOOM.COM, INC.
LOB;Live Oak Bancshares, Inc.
UTI;UNIVERSAL TECHNICAL INSTITUTE INC
VVX;V2X, Inc.
CODI;Compass Diversified Holdings
RDW;Redwire Corp
DSP;Viant Technology Inc.
ESRT;Empire State Realty Trust, Inc.
MCRI;MONARCH CASINO & RESORT INC
XPRO;EXPRO GROUP HOLDINGS N.V.
INFN;Infinera Corp
WTTR;Select Water Solutions, Inc.
NHC;NATIONAL HEALTHCARE CORP
VITL;Vital Farms, Inc.
SASR;SANDY SPRING BANCORP INC
NN;NEXTNAV INC.
MNKD;MANNKIND CORP
TROX;Tronox Holdings plc
STEL;Stellar Bancorp, Inc.
LTC;LTC PROPERTIES INC
ZUO;ZUORA INC
KOS;Kosmos Energy Ltd.
STBA;S&T BANCORP INC
SAFE;Safehold Inc.
PX;P10, Inc.
ATEN;A10 Networks, Inc.
XHR;Xenia Hotels & Resorts, Inc.
MLKN;MILLERKNOLL, INC.
BHE;BENCHMARK ELECTRONICS INC
SFL;SFL Corp Ltd.
LADR;Ladder Capital Corp
WS;Worthington Steel, Inc.
LC;LendingClub Corp
PEB;Pebblebrook Hotel Trust
DNOW;DNOW Inc.
VRE;Veris Residential, Inc.
FSLY;Fastly, Inc.
CDRE;Cadre Holdings, Inc.
DYN;Dyne Therapeutics, Inc.
PCT;PureCycle Technologies, Inc.
SPNS;SAPIENS INTERNATIONAL CORP N V
FDP;FRESH DEL MONTE PRODUCE INC
DSGR;Distribution Solutions Group, Inc.
RLJ;RLJ Lodging Trust
TCBK;TRICO BANCSHARES /
MMI;Marcus & Millichap, Inc.
VBTX;Veritex Holdings, Inc.
NAVI;NAVIENT CORP
TWKS;Thoughtworks Holding, Inc.
MLNK;MeridianLink, Inc.
EVBG;EVERBRIDGE, INC.
DO;DIAMOND OFFSHORE DRILLING, INC.
PLAB;PHOTRONICS INC
TNK;TEEKAY TANKERS LTD.
DNUT;Krispy Kreme, Inc.
UMH;UMH PROPERTIES, INC.
CLDX;Celldex Therapeutics, Inc.
VRDN;Viridian Therapeutics, Inc.\DE
CSTM;CONSTELLIUM SE
HLIO;HELIOS TECHNOLOGIES, INC.
LNN;LINDSAY CORP
EVEX;Eve Holding, Inc.
MXL;MAXLINEAR, INC
CMRE;Costamare Inc.
CTS;CTS CORP
VECO;VEECO INSTRUMENTS INC
ANDE;Andersons, Inc.
HOPE;HOPE BANCORP INC
SCL;STEPAN CO
CMPR;CIMPRESS plc
PLSE;PULSE BIOSCIENCES, INC.
AAT;American Assets Trust, Inc.
ELME;Elme Communities
NRIX;Nurix Therapeutics, Inc.
WINA;WINMARK CORP
FLNG;Flex LNG Ltd.
TWO;TWO HARBORS INVESTMENT CORP.
WABC;WESTAMERICA BANCORPORATION
MODG;Topgolf Callaway Brands Corp.
IMAX;IMAX CORP
CDNA;CareDx, Inc.
SABR;Sabre Corp
SCS;STEELCASE INC
TILE;INTERFACE INC
UNIT;Uniti Group Inc.
WLFC;WILLIS LEASE FINANCE CORP
USPH;U S PHYSICAL THERAPY INC /NV
ARDX;ARDELYX, INC.
UVV;UNIVERSAL CORP /VA/
DGII;DIGI INTERNATIONAL INC
NVAX;NOVAVAX INC
HELE;HELEN OF TROY LTD
LILA;Liberty Latin America Ltd.
LILAK;Liberty Latin America Ltd.
ALEX;Alexander & Baldwin, Inc.
GIII;G III APPAREL GROUP LTD /DE/
KAMN;KAMAN Corp
ARVN;ARVINAS, INC.
QCRH;QCR HOLDINGS INC
QNST;QUINSTREET, INC
VRTS;VIRTUS INVESTMENT PARTNERS, INC.
CMPO;CompoSecure, Inc.
HLIT;HARMONIC INC
PRO;PROS Holdings, Inc.
RBCAA;REPUBLIC BANCORP INC /KY/
DOLE;Dole plc
CRAI;CRA INTERNATIONAL, INC.
RXST;RxSight, Inc.
VIR;Vir Biotechnology, Inc.
INMD;InMode Ltd.
SNDX;Syndax Pharmaceuticals Inc
FUBO;fuboTV Inc. /FL
INOD;INNODATA INC
RES;RPC INC
WGO;WINNEBAGO INDUSTRIES INC
AORT;ARTIVION, INC.
DCOM;Dime Community Bancshares, Inc. /NY/
BHLB;BERKSHIRE HILLS BANCORP INC
COUR;Coursera, Inc.
LQDA;Liquidia Corp
VTLE;Vital Energy, Inc.
WEAV;Weave Communications, Inc.
FWRG;First Watch Restaurant Group, Inc.
HCI;HCI Group, Inc.
JBGS;JBG SMITH Properties
TPC;TUTOR PERINI CORP
ARI;Apollo Commercial Real Estate Finance, Inc.
PZZA;PAPA JOHNS INTERNATIONAL INC
AIV;APARTMENT INVESTMENT & MANAGEMENT CO
ANIP;ANI PHARMACEUTICALS INC
HLX;HELIX ENERGY SOLUTIONS GROUP INC
OBK;Origin Bancorp, Inc.
SLCA;U.S. SILICA HOLDINGS, INC.
CNNE;Cannae Holdings, Inc.
BLBD;Blue Bird Corp
DK;Delek US Holdings, Inc.
MDXG;MIMEDX GROUP, INC.
IMKTA;INGLES MARKETS INC
CIM;CHIMERA INVESTMENT CORP
KW;Kennedy-Wilson Holdings, Inc.
CTOS;Custom Truck One Source, Inc.
IDT;IDT CORP
TPB;Turning Point Brands, Inc.
MRTN;MARTEN TRANSPORT LTD
PCRX;Pacira BioSciences, Inc.
BLFS;BIOLIFE SOLUTIONS INC
EIG;Employers Holdings, Inc.
MD;Pediatrix Medical Group, Inc.
DAWN;Day One Biopharmaceuticals, Inc.
ECPG;ENCORE CAPITAL GROUP INC
CRCT;Cricut, Inc.
GABC;GERMAN AMERICAN BANCORP, INC.
PMT;PennyMac Mortgage Investment Trust
EVRI;Everi Holdings Inc.
XNCR;Xencor Inc
MODN;MODEL N, INC.
EOSE;Eos Energy Enterprises, Inc.
OLO;Olo Inc.
NVEE;NV5 Global, Inc.
OXM;OXFORD INDUSTRIES INC
NTST;NETSTREIT Corp.
FOR;Forestar Group Inc.
ETNB;89bio, Inc.
KALU;KAISER ALUMINUM CORP
PEBO;PEOPLES BANCORP INC
OCUL;OCULAR THERAPEUTIX, INC
JBI;Janus International Group, Inc.
ARLO;Arlo Technologies, Inc.
FBMS;FIRST BANCSHARES INC /MS/
EVH;Evolent Health, Inc.
SAFT;SAFETY INSURANCE GROUP INC
AMWD;AMERICAN WOODMARK CORP
EFC;Ellington Financial Inc.
XPEL;XPEL, Inc.
ICHR;ICHOR HOLDINGS, LTD.
UDMY;Udemy, Inc.
AUPH;Aurinia Pharmaceuticals Inc.
SPRY;ARS Pharmaceuticals, Inc.
HROW;HARROW, INC.
INVA;Innoviva, Inc.
RCUS;Arcus Biosciences, Inc.
DEA;Easterly Government Properties, Inc.
MYGN;MYRIAD GENETICS INC
CARS;Cars.com Inc.
DRQ;Innovex International Inc.
UTZ;Utz Brands, Inc.
OPK;OPKO HEALTH, INC.
PTLO;Portillo's Inc.
THRM;Gentherm Inc
SILK;Silk Road Medical Inc
STAA;STAAR SURGICAL CO
RC;Ready Capital Corp
APOG;APOGEE ENTERPRISES, INC.
LMB;Limbach Holdings, Inc.
COMM;CommScope Holding Company, Inc.
BRKL;BROOKLINE BANCORP INC
VMEO;Vimeo, Inc.
MFA;MFA FINANCIAL, INC.
FNA;Paragon 28, Inc.
ARRY;Array Technologies, Inc.
AOSL;ALPHA & OMEGA SEMICONDUCTOR Ltd
NG;NOVAGOLD RESOURCES INC
KRO;KRONOS WORLDWIDE INC
MRC;MRC GLOBAL INC.
SSTK;Shutterstock, Inc.
FOXF;FOX FACTORY HOLDING CORP
PDFS;PDF SOLUTIONS INC
SP;SP Plus Corp
AMAL;Amalgamated Financial Corp.
NGVC;Natural Grocers by Vitamin Cottage, Inc.
OCFC;OCEANFIRST FINANCIAL CORP
HIBB;HIBBETT INC
PAHC;PHIBRO ANIMAL HEALTH CORP
DX;DYNEX CAPITAL INC
FBRT;Franklin BSP Realty Trust, Inc.
ARR;Armour Residential REIT, Inc.
ELVN;Enliven Therapeutics, Inc.
LQDT;LIQUIDITY SERVICES INC
KIND;Nextdoor Holdings, Inc.
PFC;PREMIER FINANCIAL CORP
PRLB;Proto Labs Inc
CNOB;ConnectOne Bancorp, Inc.
BELFB;BEL FUSE INC /NJ
RDFN;Redfin Corp
VTOL;Bristow Group Inc.
PGRE;Paramount Group, Inc.
BFC;Bank First Corp
TMP;TOMPKINS FINANCIAL CORP
CRSR;Corsair Gaming, Inc.
PDM;Piedmont Office Realty Trust, Inc.
HSTM;HEALTHSTREAM INC
LPG;DORIAN LPG LTD.
EMBC;Embecta Corp.
NX;Quanex Building Products CORP
CMCO;COLUMBUS MCKINNON CORP
COHU;COHU INC
NXRT;NexPoint Residential Trust, Inc.
CSR;CENTERSPACE
NRDS;NERDWALLET, INC.
BLMN;Bloomin' Brands, Inc.
CTBI;COMMUNITY TRUST BANCORP INC /KY/
UUUU;ENERGY FUELS INC
DCO;DUCOMMUN INC /DE/
XRX;Xerox Holdings Corp
BASE;Couchbase, Inc.
ASPN;ASPEN AEROGELS INC
COLL;COLLEGIUM PHARMACEUTICAL, INC
ALX;ALEXANDERS INC
OPEN;Opendoor Technologies Inc.
KFRC;KFORCE INC
PARR;PAR PACIFIC HOLDINGS, INC.
SBGI;Sinclair, Inc.
AMTB;Amerant Bancorp Inc.
GOGO;Gogo Inc.
NTLA;Intellia Therapeutics, Inc.
SBH;Sally Beauty Holdings, Inc.
TRS;TRIMAS CORP
GRC;GORMAN RUPP CO
COGT;Cogent Biosciences, Inc.
HRT;Harte Gold Corp
NBN;Northeast Bank
IIIV;i3 Verticals, Inc.
THR;Thermon Group Holdings, Inc.
BHRB;Burke & Herbert Financial Services Corp.
SBSI;SOUTHSIDE BANCSHARES INC
AMSF;AMERISAFE INC
CECO;CECO ENVIRONMENTAL CORP
PLAY;Dave & Buster's Entertainment, Inc.
NSSC;NAPCO SECURITY TECHNOLOGIES, INC
SBOW;SILVERBOW RESOURCES, INC.
HA;HAWAIIAN HOLDINGS INC
ECVT;Ecovyst Inc.
FWRD;FORWARD AIR CORP
HSII;HEIDRICK & STRUGGLES INTERNATIONAL INC
PSTX;Poseida Therapeutics, Inc.
PETQ;PetIQ, Inc.
EYE;National Vision Holdings, Inc.
RCKT;ROCKET PHARMACEUTICALS, INC.
HY;HYSTER-YALE, INC.
AVAH;Aveanna Healthcare Holdings, Inc.
PUMP;ProPetro Holding Corp.
FMBH;FIRST MID BANCSHARES, INC.
PNTG;Pennant Group, Inc.
PRAA;PRA GROUP INC
SNCY;Sun Country Airlines Holdings, Inc.
KRUS;KURA SUSHI USA, INC.
TH;Target Hospitality Corp.
SEAT;Vivid Seats Inc.
SCSC;SCANSOURCE, INC.
GDEN;GOLDEN ENTERTAINMENT, INC.
GIC;GLOBAL INDUSTRIAL Co
ADTN;ADTRAN Holdings, Inc.
REPL;Replimune Group, Inc.
ZYME;Zymeworks Inc.
EEX;Emerald Holding, Inc.
TELL;TELLURIAN INC. /DE/
HTLD;HEARTLAND EXPRESS INC
UTL;UNITIL CORP
UVSP;UNIVEST FINANCIAL Corp
MSEX;MIDDLESEX WATER CO
FIGS;FIGS, Inc.
EVGO;EVgo Inc.
BFLY;Butterfly Network, Inc.
PRTH;Priority Technology Holdings, Inc.
TMST;TimkenSteel Corporation
HCKT;HACKETT GROUP, INC.
RWT;REDWOOD TRUST INC
ETWO;E2open Parent Holdings, Inc.
LBAI;LAKELAND BANCORP INC
NTGR;NETGEAR, INC.
STKL;SunOpta Inc.
EGLE;Eagle Bulk Shipping Inc.
BDN;BRANDYWINE REALTY TRUST
ADV;Advantage Solutions Inc.
ATLC;Atlanticus Holdings Corp
MAX;MediaAlpha, Inc.
OSBC;OLD SECOND BANCORP INC
VVI;Viad Corp
HFWA;HERITAGE FINANCIAL CORP /WA/
DLX;DELUXE CORP
MLAB;MESA LABORATORIES INC /CO/
YEXT;Yext, Inc.
GRNT;Granite Ridge Resources, Inc.
WRLD;WORLD ACCEPTANCE CORP
EOLS;Evolus, Inc.
SXC;SunCoke Energy, Inc.
SNPO;Snap One Holdings Corp.
PPTA;PERPETUA RESOURCES CORP.
ATRI;ATRION CORP
BFST;Business First Bancshares, Inc.
JBSS;SANFILIPPO JOHN B & SON INC
BJRI;BJs RESTAURANTS INC
OEC;Orion S.A.
FCBC;FIRST COMMUNITY BANKSHARES INC /VA/
AVO;Mission Produce, Inc.
MBWM;MERCANTILE BANK CORP
CLB;Core Laboratories Inc.
INDI;indie Semiconductor, Inc.
MCBS;MetroCity Bankshares, Inc.
CDMO;Avid Bioservices, Inc.
HOV;HOVNANIAN ENTERPRISES INC
CPF;CENTRAL PACIFIC FINANCIAL CORP
ORIC;Oric Pharmaceuticals, Inc.
PUBM;PubMatic, Inc.
GLDD;Great Lakes Dredge & Dock CORP
ZIP;ZIPRECRUITER, INC.
ASIX;AdvanSix Inc.
HCSG;HEALTHCARE SERVICES GROUP INC
ULH;UNIVERSAL LOGISTICS HOLDINGS, INC.
HAYN;HAYNES INTERNATIONAL INC
EGBN;EAGLE BANCORP INC
SITC;SITE Centers Corp.
CSTL;CASTLE BIOSCIENCES INC
HBT;HBT Financial, Inc.
ARKO;ARKO Corp.
NUVB;Nuvation Bio Inc.
DAKT;DAKTRONICS INC /SD/
MATW;MATTHEWS INTERNATIONAL CORP
ICVX;
IRMD;IRADIMED CORP
AVNS;AVANOS MEDICAL, INC.
EVER;EverQuote, Inc.
HBNC;HORIZON BANCORP INC /IN/
CLNE;Clean Energy Fuels Corp.
TIPT;TIPTREE INC.
PRTA;PROTHENA CORP PUBLIC LTD CO
VTS;Vitesse Energy, Inc.
SWIM;Latham Group, Inc.
FNKO;Funko, Inc.
HIPO;Hippo Holdings Inc.
SLQT;SelectQuote, Inc.
DMRC;Digimarc CORP
KREF;KKR Real Estate Finance Trust Inc.
IBCP;INDEPENDENT BANK CORP /MI/
PRA;PROASSURANCE CORP
RYI;Ryerson Holding Corp
ASTE;ASTEC INDUSTRIES INC
IE;Ivanhoe Electric Inc.
OSPN;OneSpan Inc.
AVXL;ANAVEX LIFE SCIENCES CORP.
PLYM;Plymouth Industrial REIT, Inc.
MLR;MILLER INDUSTRIES INC /TN/
JELD;JELD-WEN Holding, Inc.
JACK;JACK IN THE BOX INC
ETD;ETHAN ALLEN INTERIORS INC
REX;REX AMERICAN RESOURCES Corp
BALY;Bally's Corp
NVRI;ENVIRI Corp
SLP;Simulations Plus, Inc.
BRSP;BrightSpire Capital, Inc.
LPRO;Open Lending Corp
HAFC;HANMI FINANCIAL CORP
BH;Biglari Holdings Inc.
SHLS;Shoals Technologies Group, Inc.
GLT;Magnera Corp.
REPX;Riley Exploration Permian, Inc.
CTLP;CANTALOUPE, INC.
TRNS;TRANSCAT INC
MEG;Montrose Environmental Group, Inc.
INN;Summit Hotel Properties, Inc.
MBUU;MALIBU BOATS, INC.
MGPI;MGP INGREDIENTS INC
SIBN;SI-BONE, Inc.
THRY;Thryv Holdings, Inc.
CRNC;Cerence Inc.
HONE;HarborOne Bancorp, Inc.
GOOD;GLADSTONE COMMERCIAL CORP
CVLG;COVENANT LOGISTICS GROUP, INC.
RPAY;Repay Holdings Corp
HZO;MARINEMAX INC
ESQ;Esquire Financial Holdings, Inc.
MCB;Metropolitan Bank Holding Corp.
GSBC;GREAT SOUTHERN BANCORP, INC.
OFIX;Orthofix Medical Inc.
TRTX;TPG RE Finance Trust, Inc.
SCVL;SHOE CARNIVAL INC
KRNY;Kearny Financial Corp.
PLPC;PREFORMED LINE PRODUCTS CO
CNDT;CONDUENT Inc
GCI;Gannett Co., Inc.
PRMW;Primo Water Corp
KURA;Kura Oncology, Inc.
WSR;Whitestone REIT
SMBC;SOUTHERN MISSOURI BANCORP, INC.
NPK;NATIONAL PRESTO INDUSTRIES INC
FIP;FTAI Infrastructure Inc.
VERV;Verve Therapeutics, Inc.
MCS;MARCUS CORP
RXT;Rackspace Technology, Inc.
RLAY;Relay Therapeutics, Inc.
LIND;LINDBLAD EXPEDITIONS HOLDINGS, INC.
OSG;OSG Corporation
ATRO;ASTRONICS CORP
SMP;STANDARD MOTOR PRODUCTS, INC.
MOFG;MidWestOne Financial Group, Inc.
SFIX;Stitch Fix, Inc.
CURV;Torrid Holdings Inc.
CTKB;Cytek Biosciences, Inc.
ORRF;ORRSTOWN FINANCIAL SERVICES INC
LEGH;Legacy Housing Corp
GES;GUESS INC
TK;TEEKAY CORP LTD
HTBI;HomeTrust Bancshares, Inc.
FSBC;FIVE STAR BANCORP
CAC;CAMDEN NATIONAL CORP
ORC;Orchid Island Capital, Inc.
OMI;OWENS & MINOR INC/VA/
SHEN;SHENANDOAH TELECOMMUNICATIONS CO/VA/
CHUY;CHUY'S HOLDINGS, INC.
RBBN;Ribbon Communications Inc.
TMCI;TREACE MEDICAL CONCEPTS, INC.
DHC;DIVERSIFIED HEALTHCARE TRUST
PACK;Ranpak Holdings Corp.
HTBK;HERITAGE COMMERCE CORP
ABUS;Arbutus Biopharma Corp
TRST;TRUSTCO BANK CORP N Y
EVLV;Evolv Technologies Holdings, Inc.
LYTS;LSI INDUSTRIES INC
UFCS;UNITED FIRE GROUP INC
TYRA;Tyra Biosciences, Inc.
WEST;Westrock Coffee Co
SPTN;SpartanNash Co
GNK;GENCO SHIPPING & TRADING LTD
ODC;Oil-Dri Corp of America
FSR;
CSV;CARRIAGE SERVICES INC
DH;Definitive Healthcare Corp.
MNTK;Montauk Renewables, Inc.
THFF;FIRST FINANCIAL CORP /IN/
ODP;ODP Corp
TREE;LendingTree, Inc.
SANA;Sana Biotechnology, Inc.
VEL;Velocity Financial, Inc.
KOP;Koppers Holdings Inc.
RGR;STURM RUGER & CO INC
KRT;Karat Packaging Inc.
LXU;LSB INDUSTRIES, INC.
CRMD;CorMedix Inc.
SMBK;SMARTFINANCIAL INC.
PGC;PEAPACK GLADSTONE FINANCIAL CORP
CTO;CTO Realty Growth, Inc.
KODK;EASTMAN KODAK CO
DDD;3D SYSTEMS CORP
PLOW;DOUGLAS DYNAMICS, INC
KIDS;ORTHOPEDIATRICS CORP
GAMB;Gambling.com Group Ltd
FRPH;FRP HOLDINGS, INC.
USNA;USANA HEALTH SCIENCES INC
CRDA;Croda International Plc
RMR;RMR GROUP INC.
SPFI;SOUTH PLAINS FINANCIAL, INC.
CGEM;Cullinan Therapeutics, Inc.
CASS;CASS INFORMATION SYSTEMS INC
NBR;NABORS INDUSTRIES LTD
TAST;Tasty Plc
CAL;CALERES INC
MNRO;MONRO, INC.
TTI;TETRA TECHNOLOGIES INC
CLMB;Climb Global Solutions, Inc.
WNC;WABASH NATIONAL Corp
MDRX;Allscripts Healthcare Solutions Inc
CATC;CAMBRIDGE BANCORP
NR;NPK International Inc.
IMXI;International Money Express, Inc.
FPI;Farmland Partners Inc.
NAT;NORDIC AMERICAN TANKERS Ltd
APPS;Digital Turbine, Inc.
CHCT;Community Healthcare Trust Inc
TWI;TITAN INTERNATIONAL INC
UVE;UNIVERSAL INSURANCE HOLDINGS, INC.
WASH;WASHINGTON TRUST BANCORP INC
ACCD;Accolade, Inc.
FARO;FARO TECHNOLOGIES INC
CNSL;Cambridge Nutritional Sciences Ltd.
NYMT;NEW YORK MORTGAGE TRUST, INC.
RDVT;Red Violet, Inc.
DCGO;DocGo Inc.
IIIN;INSTEEL INDUSTRIES INC
AMBC;AMBAC FINANCIAL GROUP INC
OLP;ONE LIBERTY PROPERTIES INC
VHI;VALHI INC /DE/
DJCO;DAILY JOURNAL CORP
LINC;LINCOLN EDUCATIONAL SERVICES CORP
EBS;Emergent BioSolutions Inc.
SHBI;SHORE BANCSHARES INC
ALRS;ALERUS FINANCIAL CORP
CCSI;Consensus Cloud Solutions, Inc.
MVST;Microvast Holdings, Inc.
STOK;Stoke Therapeutics, Inc.
NVTS;Navitas Semiconductor Corp
BIGC;BigCommerce Holdings, Inc.
BKSY;BlackSky Technology Inc.
ALTI;AlTi Global, Inc.
EBTC;ENTERPRISE BANCORP INC /MA/
CMPX;Compass Therapeutics, Inc.
LASR;NLIGHT, INC.
VREX;Varex Imaging Corp
UHT;UNIVERSAL HEALTH REALTY INCOME TRUST
XERS;Xeris Biopharma Holdings, Inc.
BRCC;BRC Inc.
EBF;ENNIS, INC.
ATEX;Anterix Inc.
SHCR;Sharecare, Inc.
RSVR;Reservoir Media, Inc.
METCB;Ramaco Resources, Inc.
SENEA;Seneca Foods Corp
HLF;HERBALIFE LTD.
SCHL;SCHOLASTIC CORP
APLD;Applied Digital Corp.
FMNB;FARMERS NATIONAL BANC CORP /OH/
IVR;Invesco Mortgage Capital Inc.
GMRE;Global Medical REIT Inc.
PGEN;PRECIGEN, INC.
MGTX;MeiraGTx Holdings plc
HUMA;Humacyte, Inc.
PFIS;PEOPLES FINANCIAL SERVICES CORP.
FLWS;1 800 FLOWERS COM INC
NFBK;Northfield Bancorp, Inc.
TCBX;Third Coast Bancshares, Inc.
TTGT;TechTarget Holdings Inc.
CLW;Clearwater Paper Corp
FC;FRANKLIN COVEY CO
DGICA;DONEGAL GROUP INC
MCBC;MACATAWA BANK CORP
VLGEA;VILLAGE SUPER MARKET INC
NWPX;NORTHWEST PIPE CO
LVWR;LiveWire Group, Inc.
CMP;COMPASS MINERALS INTERNATIONAL INC
ANNX;Annexon, Inc.
BAND;Bandwidth Inc.
WLDN;Willdan Group, Inc.
CLPT;ClearPoint Neuro, Inc.
OMER;OMEROS CORP
MITK;MITEK SYSTEMS INC
SRDX;SURMODICS INC
UIS;UNISYS CORP
AGS;PlayAGS, Inc.
FLGT;Fulgent Genetics, Inc.
UNTY;UNITY BANCORP INC /NJ/
MPB;MID PENN BANCORP INC
BHB;BAR HARBOR BANKSHARES
GDOT;GREEN DOT CORP
MATV;Mativ Holdings, Inc.
CLFD;Clearfield, Inc.
NRIM;NORTHRIM BANCORP INC
HNRG;HALLADOR ENERGY CO
TRDA;Entrada Therapeutics, Inc.
ASC;Ardmore Shipping Corp
RYAM;RAYONIER ADVANCED MATERIALS INC.
SVRA;Savara Inc
KELYA;KELLY SERVICES INC
NREF;NexPoint Real Estate Finance, Inc.
AMSWA;
MLYS;Mineralys Therapeutics, Inc.
ORGO;Organogenesis Holdings Inc.
SWBI;SMITH & WESSON BRANDS, INC.
RICK;RCI HOSPITALITY HOLDINGS, INC.
EU;enCore Energy Corp.
GNTY;GUARANTY BANCSHARES INC /TX/
RNAC;Cartesian Therapeutics, Inc.
ALT;Altimmune, Inc.
SVC;Service Properties Trust
CYH;COMMUNITY HEALTH SYSTEMS INC
LBC;Libero Copper & Gold Corp.
PROK;PROKIDNEY CORP.
GLRE;GREENLIGHT CAPITAL RE, LTD.
ACCO;ACCO BRANDS Corp
SKYT;SkyWater Technology, Inc
MXCT;MAXCYTE, INC.
GCBC;GREENE COUNTY BANCORP INC
SD;SANDRIDGE ENERGY INC
KALV;KalVista Pharmaceuticals, Inc.
YORW;YORK WATER CO
MYE;MYERS INDUSTRIES INC
URGN;UroGen Pharma Ltd.
GCO;GENESCO INC
FBIZ;First Business Financial Services Inc.
INNV;InnovAge Holding Corp.
CMTG;Claros Mortgage Trust, Inc.
TBPH;Theravance Biopharma, Inc.
BGS;B&G Foods, Inc.
BSRR;SIERRA BANCORP
SAGE;Sage Therapeutics, Inc.
EGY;VAALCO ENERGY INC /DE/
TITN;Titan Machinery Inc.
CELC;Celcuity Inc.
HPP;Hudson Pacific Properties, Inc.
TRC;TEJON RANCH CO
ANGO;ANGIODYNAMICS INC
ARCT;Arcturus Therapeutics Holdings Inc.
WALD;Waldencast plc
SIGA;SIGA TECHNOLOGIES INC
FFWM;First Foundation Inc.
FISI;FINANCIAL INSTITUTIONS INC
MOV;MOVADO GROUP INC
OABI;OmniAb, Inc.
FFIC;FLUSHING FINANCIAL CORP
AMCX;AMC Networks Inc.
EYPT;EyePoint Pharmaceuticals, Inc.
CSTR;Cryptostar Corp.
KROS;Keros Therapeutics, Inc.
CLDT;Chatham Lodging Trust
EHAB;Enhabit, Inc.
GEVO;Gevo, Inc.
ITIC;INVESTORS TITLE CO
GPRE;Green Plains Inc.
SB;SAFE BULKERS, INC.
NNOX;Nano-X Imaging Ltd.
MSBI;Midland States Bancorp, Inc.
SES;SES AI Corp
CWCO;Consolidated Water Co. Ltd.
SHYF;SHYFT GROUP, INC.
DIN;Dine Brands Global, Inc.
CRMT;AMERICAS CARMART INC
LMNR;Limoneira CO
CARE;Carter Bankshares, Inc.
HBCP;HOME BANCORP, INC.
KE;Kimball Electronics, Inc.
TCMD;TACTILE SYSTEMS TECHNOLOGY INC
BBCP;Concrete Pumping Holdings, Inc.
NRC;NATIONAL RESEARCH CORP
KLTR;Kaltura Inc.
GTN;GRAY TELEVISION INC
MLP;MAUI LAND & PINEAPPLE CO INC
ZVRA;ZEVRA THERAPEUTICS, INC.
RRBI;RED RIVER BANCSHARES INC
DHIL;DIAMOND HILL INVESTMENT GROUP INC
ZEUS;Olympic Steel Inc.
XPER;Xperi Inc.
CVGW;CALAVO GROWERS INC
OOMA;OOMA INC
BSVN;Bank7 Corp.
GLUE;Monte Rosa Therapeutics, Inc.
ANAB;ANAPTYSBIO, INC
EWCZ;European Wax Center, Inc.
JILL;J.Jill, Inc.
RGNX;REGENXBIO Inc.
GNE;Genie Energy Ltd.
OFLX;Omega Flex, Inc.
PBPB;POTBELLY CORP
AURA;Aura Biosciences, Inc.
CDZI;CADIZ INC
LAND;GLADSTONE LAND Corp
RNGR;Ranger Energy Services, Inc.
HOUS;Anywhere Real Estate Inc.
USCB;USCB FINANCIAL HOLDINGS, INC.
PKST;Peakstone Realty Trust
LXFR;LUXFER HOLDINGS PLC
WSBF;Waterstone Financial Inc.
WOW;WideOpenWest, Inc.
RVNC;Revance Therapeutics, Inc.
CPSI;Computer Programs & Systems Inc
DSKE;Daseke, Inc.
MPLN;MultiPlan Corp
TERN;Terns Pharmaceuticals, Inc.
HAIN;HAIN CELESTIAL GROUP INC
RIGL;RIGEL PHARMACEUTICALS INC
SMMF;SUMMIT FINANCIAL GROUP, INC.
EGHT;8X8 INC /DE/
GOCO;GoHealth, Inc.
ASLE;AerSale Corp
SNBR;Sleep Number Corp
WTBA;WEST BANCORPORATION INC
FMAO;FARMERS & MERCHANTS BANCORP INC
PHAT;Phathom Pharmaceuticals, Inc.
ZIMV;ZimVie Inc.
RM;Regional Management Corp.
RDUS;RADIUS RECYCLING, INC.
MBI;MBIA INC
LOCO;El Pollo Loco Holdings, Inc.
PACB;PACIFIC BIOSCIENCES OF CALIFORNIA, INC.
CVCY;
CVRX;CVRx, Inc.
MEI;METHODE ELECTRONICS INC
HVT;HAVERTY FURNITURE COMPANIES INC
SMLR;Semler Scientific, Inc.
PKOH;PARK OHIO HOLDINGS CORP
JAKK;JAKKS PACIFIC INC
HYLN;Hyliion Holdings Corp.
DENN;DENNY'S Corp
HEAR;Turtle Beach Corporation
ALDX;Aldeyra Therapeutics, Inc.
OB;Outbrain Inc.
QUAD;Quad/Graphics, Inc.
LE;LANDS' END, INC.
NATH;NATHANS FAMOUS, INC.
HCAT;Health Catalyst, Inc.
PNRG;PRIMEENERGY RESOURCES CORP
MTW;MANITOWOC CO INC
NL;NL INDUSTRIES INC
LOVE;Lovesac Co
BARK;Bark, Inc.
WEYS;WEYCO GROUP INC
NVEC;NVE CORP /NEW/
NECB;NorthEast Community Bancorp, Inc./MD/
EXFY;Expensify, Inc.
CIVB;CIVISTA BANCSHARES, INC.
HLLY;Holley Inc.
NRDY;Nerdy Inc.
EB;Eventbrite, Inc.
PTSI;Pamt Corp
CYRX;Cryoport, Inc.
IPI;Intrepid Potash, Inc.
BRY;Berry Corp (bry)
OIS;OIL STATES INTERNATIONAL, INC
CZNC;CITIZENS & NORTHERN CORP
SPOK;Spok Holdings, Inc
MVIS;MICROVISION, INC.
BRT;BRT Apartments Corp.
NEWT;NewtekOne, Inc.
RLGT;RADIANT LOGISTICS, INC
MEC;Mayville Engineering Company, Inc.
IBEX;IBEX Ltd
IHRT;iHeartMedia, Inc.
DOMO;DOMO, INC.
TTSH;TILE SHOP HOLDINGS, INC.
SSBK;Southern States Bancshares, Inc.
MCFT;MasterCraft Boat Holdings, Inc.
RBB;RBB Bancorp
BCML;BayCom Corp
PDLB;Ponce Financial Group, Inc.
NUS;NU SKIN ENTERPRISES, INC.
VALU;VALUE LINE INC
SNFCA;SECURITY NATIONAL FINANCIAL CORP
ONEW;OneWater Marine Inc.
AEHR;AEHR TEST SYSTEMS
PRME;Prime Medicine, Inc.
TGAN;Transphorm, Inc.
PSTL;Postal Realty Trust, Inc.
OCN;OMNICOM GROUP INC.
COOK;Traeger, Inc.
LAW;CS Disco, Inc.
ARTNA;ARTESIAN RESOURCES CORP
TRVI;Trevi Therapeutics, Inc.
VPG;Vishay Precision Group, Inc.
MG;Mistras Group, Inc.
FLIC;FIRST OF LONG ISLAND CORP
XOMA;XOMA Royalty Corp
NODK;NI Holdings, Inc.
AAN;Aton Resources Inc.
FSBW;FS Bancorp, Inc.
REFI;Chicago Atlantic Real Estate Finance, Inc.
MPX;MARINE PRODUCTS CORP
VMD;VIEMED HEALTHCARE, INC.
ITI;ITERIS, INC.
VUZI;Vuzix Corp
OBT;Orange County Bancorp, Inc. /DE/
SMTI;Sanara MedTech Inc.
BKKT;Bakkt Holdings, Inc.
ZUMZ;Zumiez Inc
JOUT;JOHNSON OUTDOORS INC
FRBA;First Bank
QTRX;Quanterix Corp
PBFS;Pioneer Bancorp, Inc./MD
CIX;COMPX INTERNATIONAL INC
SFST;SOUTHERN FIRST BANCSHARES INC
LESL;Leslie's, Inc.
CZFS;CITIZENS FINANCIAL SERVICES INC
COFS;CHOICEONE FINANCIAL SERVICES INC
TRUE;TrueCar, Inc.
CBAN;COLONY BANKCORP INC
OLMA;Olema Pharmaceuticals, Inc.
FDMT;4D Molecular Therapeutics, Inc.
CDXS;CODEXIS, INC.
FHTX;Foghorn Therapeutics Inc.
AVNW;AVIAT NETWORKS, INC.
TNGX;Tango Therapeutics, Inc.
EAF;GRAFTECH INTERNATIONAL LTD
BLDE;Blade Air Mobility, Inc.
LSEA;Landsea Homes Corp
VYGR;Voyager Therapeutics, Inc.
OSUR;ORASURE TECHNOLOGIES INC
NMRA;Neumora Therapeutics, Inc.
PCB;PCB BANCORP
FNLC;First Bancorp, Inc /ME/
PDLI;
FORR;FORRESTER RESEARCH, INC.
PKE;PARK AEROSPACE CORP
QSI;Quantum-Si Inc
NOVA;Sunnova Energy International Inc.
TDUP;ThredUp Inc.
IRWD;IRONWOOD PHARMACEUTICALS INC
EHTH;eHealth, Inc.
ONTF;ON24 INC.
KOD;Kodiak Sciences Inc.
IRBT;IROBOT CORP
TG;TREDEGAR CORP
PCYO;PURE CYCLE CORP
JMSB;John Marshall Bancorp, Inc.
FRST;Primis Financial Corp.
YMAB;Y-mAbs Therapeutics, Inc.
GWRS;Global Water Resources, Inc.
INSE;Inspired Entertainment, Inc.
PLBC;PLUMAS BANCORP
LXRX;LEXICON PHARMACEUTICALS, INC.
IMMR;IMMERSION CORP
VNDA;Vanda Pharmaceuticals Inc.
RGP;RESOURCES CONNECTION, INC.
NATR;NATURES SUNSHINE PRODUCTS INC
MVBF;MVB FINANCIAL CORP
LUNG;Pulmonx Corp
BTMD;biote Corp.
ITOS;iTeos Therapeutics, Inc.
REI;RING ENERGY, INC.
FDBC;FIDELITY D & D BANCORP INC
ANIK;Anika Therapeutics, Inc.
SMRT;SmartRent, Inc.
SKIL;Skillsoft Corp.
NRGV;Energy Vault Holdings, Inc.
AVIR;Atea Pharmaceuticals, Inc.
AFRI;Forafric Global PLC
RMNI;Rimini Street, Inc.
SAMG;Silvercrest Asset Management Group Inc.
HDSN;HUDSON TECHNOLOGIES INC /NY
DBI;Designer Brands Inc.
ATNI;ATN International, Inc.
ZVIA;Zevia PBC
INGN;Inogen Inc
HRTX;HERON THERAPEUTICS, INC. /DE/
BTBT;Bit Digital, Inc
ARAY;ACCURAY INC
CPS;Cooper-Standard Holdings Inc.
AOMR;Angel Oak Mortgage REIT, Inc.
PANL;Pangaea Logistics Solutions Ltd.
SBT;Sterling Bancorp, Inc.
ATOM;Atomera Inc
TSBK;TIMBERLAND BANCORP INC
ALTG;ALTA EQUIPMENT GROUP INC.
EVBN;EVANS BANCORP INC
FOA;Finance of America Companies Inc.
SGMO;SANGAMO THERAPEUTICS, INC
CHMG;CHEMUNG FINANCIAL CORP
DSGN;Design Therapeutics, Inc.
WTI;W&T OFFSHORE INC
ZYXI;ZYNEX INC
SLDP;Solid Power, Inc.
CPSS;CONSUMER PORTFOLIO SERVICES, INC.
PWOD;PENNS WOODS BANCORP INC
PINE;Alpine Income Property Trust, Inc.
NOTE;FiscalNote Holdings, Inc.
OVLY;Oak Valley Bancorp
CVLY;CODORUS VALLEY BANCORP INC
TCI;TRANSCONTINENTAL REALTY INVESTORS INC
PKBK;PARKE BANCORP, INC.
FVCB;FVCBankcorp, Inc.
NC;NACCO INDUSTRIES INC
ARL;AMERICAN REALTY INVESTORS INC
DC;Dakota Gold Corp.
ALCO;ALICO, INC.
BLFY;Blue Foundry Bancorp
ONL;Orion Office REIT Inc.
KFS;KINGSWAY FINANCIAL SERVICES INC
ESSA;ESSA Bancorp, Inc.
RGCO;RGC RESOURCES INC
AEVA;Aeva Technologies, Inc.
LCNB;LCNB CORP
MYPS;PLAYSTUDIOS, Inc.
MACK;MERRIMACK PHARMACEUTICALS INC
NXDT;NEXPOINT DIVERSIFIED REAL ESTATE TRUST
FET;FORUM ENERGY TECHNOLOGIES, INC.
MBCN;MIDDLEFIELD BANC CORP
LRMR;Larimar Therapeutics, Inc.
TBI;TrueBlue, Inc.
FF;FutureFuel Corp.
NVRO;NEVRO CORP
NAUT;Nautilus Biotechnology, Inc.
KRMD;KORU Medical Systems, Inc.
POWW;AMMO, INC.
OBIO;Orchestra BioMed Holdings, Inc.
NWFL;NORWOOD FINANCIAL CORP
MYFW;First Western Financial Inc
HSHP;Himalaya Shipping Ltd.
THRD;Third Harmonic Bio, Inc.
LWLG;Lightwave Logic, Inc.
GENC;GENCOR INDUSTRIES INC
FCCO;FIRST COMMUNITY CORP /SC/
UHG;United Homes Group, Inc.
UTMD;UTAH MEDICAL PRODUCTS INC
WISH;ContextLogic Inc.
ESCA;ESCALADE INC
SKYX;SKYX Platforms Corp.
SWKH;SWK Holdings Corp
CIO;City Office REIT, Inc.
SKIN;Beauty Health Co
BCOV;BRIGHTCOVE INC
VABK;Virginia National Bankshares Corp
EP;EMPIRE PETROLEUM CORP
HMST;HomeStreet, Inc.
CMCL;Caledonia Mining Corp Plc
EVC;ENTRAVISION COMMUNICATIONS CORP
SLRN;ACELYRIN, Inc.
RMAX;RE/MAX Holdings, Inc.
FLL;FULL HOUSE RESORTS INC
PLX;Protalix BioTherapeutics, Inc.
RELL;RICHARDSON ELECTRONICS, LTD.
AFCG;Advanced Flower Capital Inc.
MKTW;MARKETWISE, INC.
PLRX;PLIANT THERAPEUTICS, INC.
SMHI;SEACOR Marine Holdings Inc.
LAZR;Luminar Technologies, Inc./DE
PFMT;Performant Healthcare Inc.
FENC;FENNEC PHARMACEUTICALS INC.
EGAN;EGAIN Corp
INBX;Inhibrx Inc.
CLAR;Clarus Corp
HQI;HireQuest, Inc.
NKSH;NATIONAL BANKSHARES INC
ELA;Envela Corp
PMTS;CPI Card Group Inc.
BCBP;BCB BANCORP INC
JRVR;James River Group Holdings, Ltd.
AMWL;American Well Corp
RCKY;ROCKY BRANDS, INC.
BHR;Braemar Hotels & Resorts Inc.
JYNT;JOINT Corp
INFU;InfuSystem Holdings, Inc
SSTI;SOUNDTHINKING, INC.
DOUG;Douglas Elliman Inc.
VATE;INNOVATE Corp.
VOXX;VOXX International Corp
SCPH;scPharmaceuticals Inc.
CDLX;Cardlytics, Inc.
MED;MEDIFAST INC
AVD;AMERICAN VANGUARD CORP
TCX;TUCOWS INC /PA/
ATLO;AMES NATIONAL CORP
TTEC;TTEC Holdings, Inc.
SSP;E.W. SCRIPPS Co
STRS;STRATUS PROPERTIES INC
ALEC;Alector, Inc.
III;Information Services Group Inc.
PLL;Piedmont Lithium Inc.
MGNX;MACROGENICS INC
GNLX;GENELUX Corp
TSE;Trinseo PLC
LYEL;Lyell Immunopharma, Inc.
GPMT;Granite Point Mortgage Trust Inc.
LNZA;LanzaTech Global, Inc.
FRGE;Forge Global Holdings, Inc.
FCEL;FUELCELL ENERGY INC
STRO;SUTRO BIOPHARMA, INC.
NKTX;Nkarta, Inc.
IAUX;i-80 Gold Corp.
ZNTL;Zentalis Pharmaceuticals, Inc.
CHGG;CHEGG, INC
DHX;DHI GROUP, INC.
PAYS;Paysign, Inc.
TUSK;MAMMOTH ENERGY SERVICES, INC.
FATE;FATE THERAPEUTICS INC
SGMT;Sagimet Biosciences Inc.
TSQ;Townsquare Media, Inc.
HFFG;HF Foods Group Inc.
DXLG;DESTINATION XL GROUP, INC.
HOFT;HOOKER FURNISHINGS Corp
GPRO;GoPro, Inc.
SEER;Seer, Inc.
SGHT;Sight Sciences, Inc.
CHRS;Coherus BioSciences, Inc.
MCRB;Seres Therapeutics, Inc.
VERI;Veritone, Inc.
RILY;B. Riley Financial, Inc.
QIPT;Quipt Home Medical Corp.
CTGO;Contango ORE, Inc.
NGM;NGM BIOPHARMACEUTICALS INC
TSVT;2seventy bio, Inc.
PLCE;Children's Place, Inc.
TLYS;TILLY'S, INC.
MNSB;MainStreet Bancshares, Inc.
ORGN;Origin Materials, Inc.
LCTX;Lineage Cell Therapeutics, Inc.
SPCE;Virgin Galactic Holdings, Inc
CMT;CORE MOLDING TECHNOLOGIES INC
SRI;STONERIDGE INC
LPSN;LIVEPERSON INC
NVCT;Nuvectis Pharma, Inc.
CRBU;Caribou Biosciences, Inc.
KVHI;KVH INDUSTRIES INC \DE\
VTYX;Ventyx Biosciences, Inc.
AKYA;Akoya Biosciences, Inc.
SAVA;CASSAVA SCIENCES INC
STHO;Star Holdings
PETS;PETMED EXPRESS INC
VIGL;Vigil Neuroscience, Inc.
BLNK;Blink Charging Co.
TELA;TELA Bio, Inc.
ENTA;ENANTA PHARMACEUTICALS INC
OPRX;OptimizeRx Corp
DLTH;DULUTH HOLDINGS INC.
INTT;INTEST CORP
VRA;Vera Bradley, Inc.
EDIT;Editas Medicine, Inc.
STKS;ONE Group Hospitality, Inc.
VOR;Vor Biopharma Inc.
CNTY;CENTURY CASINOS INC /CO/
IVAC;INTEVAC INC
STEM;STEM, INC.
FOSL;Fossil Group, Inc.
HLVX;HilleVax, Inc.
GRWG;GrowGeneration Corp.
INZY;Inozyme Pharma, Inc.
DTC;Solo Brands, Inc.
DM;Desktop Metal, Inc.
MHLD;Maiden Holdings, Ltd.
XFOR;X4 Pharmaceuticals, Inc
MRSN;Mersana Therapeutics, Inc.
SCLX;Scilex Holding Co
MASS;908 Devices Inc.
CUE;Cue Biopharma, Inc.
KLXE;KLX Energy Services Holdings, Inc.
IGMS;IGM Biosciences, Inc.
MODV;ModivCare Inc
RRGB;RED ROBIN GOURMET BURGERS INC
ASRT;Assertio Holdings, Inc.
KPTI;Karyopharm Therapeutics Inc.
RPHM;OnKure Therapeutics, Inc.
AGEN;AGENUS INC
PMVP;PMV Pharmaceuticals, Inc.
RBOT;Vicarious Surgical Inc.
NDLS;NOODLES & Co
MURA;Mural Oncology plc
SPWH;SPORTSMAN'S WAREHOUSE HOLDINGS, INC.
TNYA;Tenaya Therapeutics, Inc.
WW;WW INTERNATIONAL, INC.
AVTE;Aerovate Therapeutics, Inc.
PIII;P3 Health Partners Inc.
IKNA;Ikena Oncology, Inc.
CATO;CATO CORP
ME;23andMe Holding Co.
CVGI;Commercial Vehicle Group, Inc.
CMTL;COMTECH TELECOMMUNICATIONS CORP /DE/
AADI;Aadi Bioscience, Inc.
TPIC;TPI COMPOSITES, INC
UONE;URBAN ONE, INC.
UONEK;URBAN ONE, INC.
CLPR;Clipper Realty Inc.
GWH;ESS Tech, Inc.
PRTS;CarParts.com, Inc.
HBIO;HARVARD BIOSCIENCE INC
IPSC;Century Therapeutics, Inc.
BLUE;bluebird bio, Inc.
PRLD;Prelude Therapeutics Inc
IMRX;Immuneering Corp
OPTN;OptiNose, Inc.
SST;System1, Inc.
ALXO;ALX ONCOLOGY HOLDINGS INC
PDSB;PDS Biotechnology Corp
BIRD;Allbirds, Inc.
ATRA;Atara Biotherapeutics, Inc.
OPI;OFFICE PROPERTIES INCOME TRUST
SCWO;374Water Inc.
LLAP;Terran Orbital Corp
FGEN;FIBROGEN INC
ALVR;Allovir, Inc.
GBIO;Generation Bio Co.
OVID;Ovid Therapeutics Inc.
KZR;Kezar Life Sciences, Inc.
PEPG;PepGen Inc.
FTCI;FTC Solar, Inc.
CMBM;Cambium Networks Corp
OTLK;Outlook Therapeutics, Inc.
OM;Outset Medical, Inc.
RAPT;RAPT Therapeutics, Inc.
XAIR;Beyond Air, Inc.
ATNM;Actinium Pharmaceuticals, Inc.
BGFV;BIG 5 SPORTING GOODS Corp
RLYB;Rallybio Corp
EVA;Enviva Inc.
NKLA;Nikola Corp
MRNS;MARINUS PHARMACEUTICALS, INC.
VRCA;Verrica Pharmaceuticals Inc.
RENT;Rent the Runway, Inc.
VGAS;Verde Clean Fuels, Inc.
ALLK;Allakos Inc.
CARA;Cara Therapeutics, Inc.
FEAM;5E Advanced Materials, Inc.
WKHS;Workhorse Group Inc.
LICY;Li-Cycle Holdings Corp.
BCAB;BioAtla, Inc.
CARM;Carisma Therapeutics Inc.
ZURA;Zura Bio Ltd
DFLI;Dragonfly Energy Holdings Corp.
RCEL;AVITA Medical, Inc.
GORV;Lazydays Holdings, Inc.
TSBX;Turnstone Biologics Corp.
CUTR;CUTERA INC
BTAI;BioXcel Therapeutics, Inc.
BHIL;Benson Hill, Inc.
OMGA;Omega Therapeutics, Inc.
CNK;Cinemark Holdings, Inc.
LPTV;Loop Media, Inc.
MAXN;Maxeon Solar Technologies, Ltd.
EYEN;EYENOVIA, INC.
TIO;Tingo Group, Inc.
GTXI;
BRBS;Blue Ridge Bankshares Inc.
PFBC;Preferred Bank
RYZB;
AROW;ARROW FINANCIAL CORP
EPRT;ESSENTIAL PROPERTIES REALTY TRUST, INC.
AUB;Atlantic Union Bankshares Corp
EVI;EVI INDUSTRIES, INC.
TOWN;TowneBank
WT;WisdomTree, Inc.
ACDC;ProFrac Holding Corp.
AGX;ARGAN INC
AGYS;AGILYSYS INC
AKTS;Akoustis Technologies Inc.
ALLO;Allogene Therapeutics, Inc.
ALNT;ALLIENT INC
ALTM;Arcadium Lithium plc
APGE;Apogee Therapeutics, Inc.
ARQT;Arcutis Biotherapeutics Inc.
ASUR;ASURE SOFTWARE INC
ATEC;Alphatec Holdings, Inc.
ATSG;Air Transport Services Group, Inc.
ATXS;Astria Therapeutics, Inc.
AXGN;Axogen, Inc.
AXL;AMERICAN AXLE & MANUFACTURING HOLDINGS INC
BBSI;BARRETT BUSINESS SERVICES INC
BBUC;Brookfield Business Corp
BBW;BUILD-A-BEAR WORKSHOP INC
BFS;SAUL CENTERS, INC.
BGXX;Bright Green Corp
BKD;Brookdale Senior Living Inc.
BLX;FOREIGN TRADE BANK OF LATIN AMERICA, INC.
CERE;Cerevel Therapeutics Holdings, Inc.
CLBK;Columbia Financial, Inc.
CMAX;CareMax, Inc.
CTXR;Citius Pharmaceuticals, Inc.
DNMR;Danimer Scientific, Inc.
DZSI;DZS INC.
EGRX;Eagle Pharmaceuticals Inc-DE
EPC;EDGEWELL PERSONAL CARE Co
EPM;EVOLUTION PETROLEUM CORP
EQBK;EQUITY BANCSHARES INC
EQC;Equity Commonwealth
ERAS;Erasca, Inc.
ERII;Energy Recovery, Inc.
HIFS;Hingham Institution for Savings
ISPR;Ispire Technology Inc.
LUNA;Luna Innovations Inc
MOND;Mondee Holdings Inc.
PRPL;Purple Innovation, Inc.
PRST;Presto Automation, Inc.
SAVE;Savencia S.A.
VAXX;Vaxxinity Inc.
XPOF;Xponential Fitness, Inc.