Ticker;CompanyName;CIK
MSTR;MICROSTRATEGY Inc;0001050446
CVNA;CARVANA CO.;0001690820
SMCI;Super Micro Computer, Inc.;0001375365
DUOL;Duolingo, Inc.;0001562088
SFM;Sprouts Farmers Market, Inc.;0001575515
FIX;COMFORT SYSTEMS USA INC;0001035983
RKLB;Rocket Lab USA, Inc.;0001819994
SMMT;Summit Therapeutics Inc.;0001599298
INSM;INSMED Inc;0001104506
DOC;HEALTHPEAK PROPERTIES, INC.;0000765880
ITCI;Intra-Cellular Therapies, Inc.;0001567514
AUR;Aurora Innovation, Inc.;0001828108
CRDO;Credo Technology Group Holding Ltd;0001807794
COKE;Coca-Cola Consolidated, Inc.;0000317540
PR;Permian Resources Corp;0001658566
FTAI;FTAI Aviation Ltd.;0001590364
PCVX;Vaxcyte, Inc.;0001649094
APG;APi Group Corp;0001796209
KNTK;Kinetik Holdings Inc.;0001692787
HIMS;Hims & Hers Health, Inc.;0001773751
HQY;HEALTHEQUITY, INC.;0001428336
BRBR;BELLRING BRANDS, INC.;0001772016
CRS;CARPENTER TECHNOLOGY CORP;0000017843
ALTR;Altair Engineering Inc.;0001701732
SUM;Summit Materials, Inc.;0001621563
DRS;Leonardo DRS, Inc.;0001833756
AAON;AAON, INC.;0000824142
MLI;MUELLER INDUSTRIES INC;0000089439
MTSI;MACOM Technology Solutions Holdings, Inc.;0001493594
ONTO;ONTO INNOVATION INC.;0000704532
ASTS;AST SpaceMobile, Inc.;0001780312
ATI;ATI INC;0001018963
HLNE;Hamilton Lane INC;0001433642
IONQ;IonQ, Inc.;0001824920
LNW;Light & Wonder, Inc.;0000750004
GTLS;CHART INDUSTRIES INC;0000892553
FLR;FLUOR CORP;0001124198
EXLS;ExlService Holdings, Inc.;0001297989
PSN;PARSONS CORP;0000275880
GKOS;GLAUKOS Corp;0001192448
APPF;APPFOLIO INC;0001433195
SSB;SouthState Corp;0000764038
SATS;EchoStar CORP;0001415404
CVLT;COMMVAULT SYSTEMS INC;0001169561
DDS;DILLARD'S, INC.;0000028917
ONB;OLD NATIONAL BANCORP /IN/;0000707179
FN;Fabrinet;0001408710
EAT;BRINKER INTERNATIONAL, INC;0000703351
ENSG;ENSIGN GROUP, INC;0001125376
MTDR;Matador Resources Co;0001520006
MDGL;MADRIGAL PHARMACEUTICALS, INC.;0001157601
BECN;BEACON ROOFING SUPPLY INC;0001124941
HALO;HALOZYME THERAPEUTICS, INC.;0001159036
STEP;StepStone Group Inc.;0001796022
RMBS;RAMBUS INC;0000917273
SPXC;SPX Technologies, Inc.;0000088205
CORT;CORCEPT THERAPEUTICS INC;0001088856
RVMD;Revolution Medicines, Inc.;0001628171
UFPI;UFP INDUSTRIES INC;0000912767
SSD;Simpson Manufacturing Co., Inc.;0000920371
SMR;NUSCALE POWER Corp;0001822966
WTS;WATTS WATER TECHNOLOGIES INC;0000795403
CHRD;Chord Energy Corp;0001486159
WLLBW;Chord Energy Corp;0001486159
CWST;CASELLA WASTE SYSTEMS INC;0000911177
JXN;Jackson Financial Inc.;0001822993
COOP;Mr. Cooper Group Inc.;0000933136
TRNO;Terreno Realty Corp;0001476150
SPSC;SPS COMMERCE INC;0001092699
UPST;Upstart Holdings, Inc.;0001647639
ZWS;Zurn Elkay Water Solutions Corp;0001439288
LTH;Life Time Group Holdings, Inc.;0001869198
TMHC;Taylor Morrison Home Corp;0001562476
MMSI;MERIT MEDICAL SYSTEMS INC;0000856982
RHP;Ryman Hospitality Properties, Inc.;0001040829
GPI;GROUP 1 AUTOMOTIVE INC;0001031203
ESNT;Essent Group Ltd.;0001448893
AXSM;Axsome Therapeutics, Inc.;0001579428
LRN;Stride, Inc.;0001157408
SKY;Champion Homes, Inc.;0000090896
HOMB;HOME BANCSHARES INC;0001331520
LNTH;Lantheus Holdings, Inc.;0001521036
CRVL;CORVEL CORP;0000874866
INDB;INDEPENDENT BANK CORP;0000776901
BBIO;BridgeBio Pharma, Inc.;0001743881
JOBY;Joby Aviation, Inc.;0001819848
FSS;FEDERAL SIGNAL CORP /DE/;0000277509
NUVL;Nuvalent, Inc.;0001861560
MC;Moelis & Co;0001596967
BIPC;Brookfield Infrastructure Corp;0001788348
FG;F&G Annuities & Life, Inc.;0001934850
DY;DYCOM INDUSTRIES INC;0000067215
GATX;GATX CORP;0000040211
BE;Bloom Energy Corp;0001664703
CMC;COMMERCIAL METALS Co;0000022444
KNF;Knife River Corp;0001955520
ABG;ASBURY AUTOMOTIVE GROUP INC;0001144980
HRI;HERC HOLDINGS INC;0001364479
GBCI;GLACIER BANCORP, INC.;0000868671
ANF;ABERCROMBIE & FITCH CO /DE/;0001018840
QTWO;Q2 Holdings, Inc.;0001410384
SOUN;SOUNDHOUND AI, INC.;0001840856
INTA;Intapp, Inc.;0001565687
CHX;ChampionX Corp;0001723089
FRSH;Freshworks Inc.;0001544522
UMBF;UMB FINANCIAL CORP;0000101382
GH;Guardant Health, Inc.;0001576280
PIPR;PIPER SANDLER COMPANIES;0001230245
CSWI;CSW INDUSTRIALS, INC.;0001624794
SWX;Southwest Gas Holdings, Inc.;0001692115
CRK;COMSTOCK RESOURCES INC;0000023194
MARA;MARA Holdings, Inc.;0001507605
MTH;Meritage Homes CORP;0000833079
CALM;CAL-MAINE FOODS INC;0000016160
WK;WORKIVA INC;0001445305
ASAN;Asana, Inc.;0001477720
FFIN;FIRST FINANCIAL BANKSHARES INC;0000036029
OPCH;Option Care Health, Inc.;0001014739
RRR;Red Rock Resorts, Inc.;0001653653
NSIT;INSIGHT ENTERPRISES INC;0000932696
IDCC;InterDigital, Inc.;0001405495
NOVT;NOVANTA INC;0001076930
PFSI;PennyMac Financial Services, Inc.;0001745916
IBP;Installed Building Products, Inc.;0001580905
MOD;MODINE MANUFACTURING CO;0000067347
BCPC;BALCHEM CORP;0000009326
UBSI;UNITED BANKSHARES INC/WV;0000729986
VLY;VALLEY NATIONAL BANCORP;0000714310
URBN;URBAN OUTFITTERS INC;0000912615
HWC;HANCOCK WHITNEY CORP;0000750577
LANC;LANCASTER COLONY CORP;0000057515
ZETA;Zeta Global Holdings Corp.;0001851003
AVAV;AeroVironment Inc;0001368622
SIGI;SELECTIVE INSURANCE GROUP INC;0000230557
RELY;Remitly Global, Inc.;0001782170
FCFS;FirstCash Holdings, Inc.;0000840489
KRG;KITE REALTY GROUP TRUST;0001286043
LUMN;Lumen Technologies, Inc.;0000018926
ALKS;Alkermes plc.;0001520262
QLYS;QUALYS, INC.;0001107843
TGTX;TG THERAPEUTICS, INC.;0001001316
AROC;Archrock, Inc.;0001389050
KTOS;KRATOS DEFENSE & SECURITY SOLUTIONS, INC.;0001069258
ESGR;Enstar Group LTD;0001363829
ACA;Arcosa, Inc.;0001739445
CYTK;CYTOKINETICS INC;0001061983
WFRD;Weatherford International plc;0001603923
SFBS;ServisFirst Bancshares, Inc.;0001430723
TENB;Tenable Holdings, Inc.;0001660280
RDN;RADIAN GROUP INC;0000890926
CIVI;CIVITAS RESOURCES, INC.;0001509589
VRNS;VARONIS SYSTEMS INC;0001361113
SANM;SANMINA CORP;0000897723
WHD;Cactus, Inc.;0001699136
MGEE;MGE ENERGY INC;0001161728
ITRI;ITRON, INC.;0000780571
SLAB;SILICON LABORATORIES INC.;0001038074
BCC;BOISE CASCADE Co;0001328581
NE;Noble Corp plc;0001895262
ITGR;Integer Holdings Corp;0001114483
NARI;Inari Medical, Inc.;0001531048
SHAK;Shake Shack Inc.;0001620533
MGY;Magnolia Oil & Gas Corp;0001698990
TNET;TRINET GROUP, INC.;0000937098
RUSHA;RUSH ENTERPRISES INC \TX\;0001012019
RUSHB;RUSH ENTERPRISES INC \TX\;0001012019
ABCB;Ameris Bancorp;0000351569
KTB;Kontoor Brands, Inc.;0001760965
FELE;FRANKLIN ELECTRIC CO INC;0000038725
STRL;STERLING INFRASTRUCTURE, INC.;0000874238
KBH;KB HOME;0000795266
MATX;Matson, Inc.;0000003453
RDNT;RadNet, Inc.;0000790526
EXPO;EXPONENT INC;0000851520
MAC;MACERICH CO;0000912242
BDC;BELDEN INC.;0000913142
IESC;IES Holdings, Inc.;0001048268
NJR;NEW JERSEY RESOURCES CORP;0000356309
CNX;CNX Resources Corp;0001070412
AEL;American National Group Inc.;0001039828
SKYW;SKYWEST INC;0000793733
ROAD;Construction Partners, Inc.;0001718227
VCTR;Victory Capital Holdings, Inc.;0001570827
PECO;Phillips Edison & Company, Inc.;0001476204
IRT;INDEPENDENCE REALTY TRUST, INC.;0001466085
SM;SM Energy Co;0000893538
CTRE;CareTrust REIT, Inc.;0001590717
KRYS;Krystal Biotech, Inc.;0001711279
BGC;BGC Group, Inc.;0001094831
BRZE;Braze, Inc.;0001676238
CNS;COHEN & STEERS, INC.;0001284812
FTDR;Frontdoor, Inc.;0001727263
AESI;Atlas Energy Solutions Inc.;0001984060
POR;PORTLAND GENERAL ELECTRIC CO /OR/;0000784977
SR;SPIRE MISSOURI INC;0001126956
IPAR;INTERPARFUMS INC;0000822663
KAI;KADANT INC;0000886346
GLNG;GOLAR LNG LTD;0001207179
PBH;Prestige Consumer Healthcare Inc.;0001295947
PRIM;Primoris Services Corp;0001361538
VRRM;VERRA MOBILITY Corp;0001682745
BKH;BLACK HILLS CORP /SD/;0001130464
SLG;SL GREEN REALTY CORP;0001040971
AEIS;ADVANCED ENERGY INDUSTRIES INC;0000927003
CNO;CNO Financial Group, Inc.;0001224608
DOCN;DigitalOcean Holdings, Inc.;0001582961
CVCO;CAVCO INDUSTRIES INC.;0000278166
TDS;TELEPHONE & DATA SYSTEMS INC /DE/;0001051512
MWA;Mueller Water Products, Inc.;0001350593
ESE;ESCO TECHNOLOGIES INC;0000866706
ELF;e.l.f. Beauty, Inc.;0001600033
PJT;PJT Partners Inc.;0001626115
CARG;CarGurus, Inc.;0001494259
GBTG;Global Business Travel Group, Inc.;0001820872
IBOC;INTERNATIONAL BANCSHARES CORP;0000315709
GHC;Graham Holdings Co;0000104889
SGHC;Super Group (SGHC) Ltd;0001878057
AX;Axos Financial, Inc.;0001299709
RNA;Avidity Biosciences, Inc.;0001599901
GSHD;Goosehead Insurance, Inc.;0001726978
MUR;MURPHY OIL CORP;0000717423
JBT;JBT Marel Corp;0001433660
UNF;UNIFIRST CORP;0000717954
HGV;Hilton Grand Vacations Inc.;0001674168
NNI;NELNET INC;0001258602
BLKB;BLACKBAUD INC;0001280058
KGS;Kodiak Gas Services, Inc.;0001767042
BCO;BRINKS CO;0000078890
NPO;Enpro Inc.;0001164863
BL;BLACKLINE, INC.;0001666134
EBC;Eastern Bankshares, Inc.;0001810546
ATGE;Adtalem Global Education Inc.;0000730464
SWTX;SpringWorks Therapeutics, Inc.;0001773427
SITM;SITIME Corp;0001451809
BANF;BANCFIRST CORP /OK/;0000760498
OGS;ONE Gas, Inc.;0001587732
ENS;EnerSys;0001289308
HLMN;Hillman Solutions Corp.;0001822492
MMS;MAXIMUS, INC.;0001032220
PLXS;PLEXUS CORP;0000785786
SBRA;Sabra Health Care REIT, Inc.;0001492298
GVA;GRANITE CONSTRUCTION INC;0000861459
GOLF;Acushnet Holdings Corp.;0001672013
ORA;ORMAT TECHNOLOGIES, INC.;0001296445
RIOT;Riot Platforms, Inc.;0001167419
HL;HECLA MINING CO/DE/;0000719413
GEO;GEO GROUP INC;0000923796
DORM;Dorman Products, Inc.;0000868780
PTCT;PTC THERAPEUTICS, INC.;0001070081
AVNT;AVIENT CORP;0001122976
SMPL;Simply Good Foods Co;0001702744
SNEX;StoneX Group Inc.;0000913760
ALE;ALLETE INC;0000066756
TCBI;TEXAS CAPITAL BANCSHARES INC/TX;0001077428
MIR;Mirion Technologies, Inc.;0001809987
FIZZ;NATIONAL BEVERAGE CORP;0000069891
COMP;Compass, Inc.;0001563190
ASB;ASSOCIATED BANC-CORP;0000007789
PAYO;Payoneer Global Inc.;0001845815
GFF;GRIFFON CORP;0000050725
FULT;FULTON FINANCIAL CORP;0000700564
AVPT;AvePoint, Inc.;0001777921
APLE;Apple Hospitality REIT, Inc.;0001418121
ASO;Academy Sports & Outdoors, Inc.;0001817358
SKT;TANGER INC.;0000899715
ALIT;Alight, Inc. / Delaware;0001809104
OSCR;Oscar Health, Inc.;0001568651
PRCT;PROCEPT BioRobotics Corp;0001588978
NOG;NORTHERN OIL & GAS, INC.;0001104485
RYTM;RHYTHM PHARMACEUTICALS, INC.;0001649904
APAM;Artisan Partners Asset Management Inc.;0001517302
SRRK;Scholar Rock Holding Corp;0001727196
AKRO;Akero Therapeutics, Inc.;0001744659
CRC;California Resources Corp;0001609253
ALKT;ALKAMI TECHNOLOGY, INC.;0001529274
ASGN;ASGN Inc;0000890564
PCH;POTLATCHDELTIC CORP;0001338749
PTEN;PATTERSON UTI ENERGY INC;0000889900
KFY;KORN FERRY;0000056679
OSIS;OSI SYSTEMS INC;0001039065
RXO;RXO, Inc.;0001929561
CRGY;Crescent Energy Co;0001866175
IRTC;iRhythm Technologies, Inc.;0001388658
VAL;Valaris Ltd;0000314808
HASI;HA Sustainable Infrastructure Capital, Inc.;0001561894
ATMU;Atmus Filtration Technologies Inc.;0001921963
FBP;FIRST BANCORP /PR/;0001057706
FIBK;FIRST INTERSTATE BANCSYSTEM INC;0000860413
VKTX;Viking Therapeutics, Inc.;0001607678
SG;Sweetgreen, Inc.;0001477815
IGT;International Game Technology PLC;0001619762
WSFS;WSFS FINANCIAL CORP;0000828944
FA;FIRST ADVANTAGE CORP;0001210677
FUL;FULLER H B CO;0000039368
TPH;Tri Pointe Homes, Inc.;0001561680
ABM;ABM INDUSTRIES INC /DE/;0000771497
OTTR;Otter Tail Corp;0001466593
IMVT;Immunovant, Inc.;0001764013
PBF;PBF Energy Inc.;0001534504
GPOR;GULFPORT ENERGY CORP;0000874499
CATY;CATHAY GENERAL BANCORP;0000861842
POWI;POWER INTEGRATIONS INC;0000833640
NWE;Northwestern Energy Group, Inc.;0001993004
EE;Excelerate Energy, Inc.;0001888447
GMS;GMS Inc.;0001600438
RSI;Rush Street Interactive, Inc.;0001793659
SGRY;Surgery Partners, Inc.;0001638833
VCYT;VERACYTE, INC.;0001384101
CDP;COPT DEFENSE PROPERTIES;0000860546
SXT;SENSIENT TECHNOLOGIES CORP;0000310142
YOU;Clear Secure, Inc.;0001856314
WRBY;Warby Parker Inc.;0001504776
AMBA;AMBARELLA INC;0001280263
REZI;RESIDEO TECHNOLOGIES, INC.;0001740332
MHO;M/I HOMES, INC.;0000799292
PTVE;Pactiv Evergreen Inc.;0001527508
HEES;H&E Equipment Services, Inc.;0001339605
GRND;Grindr Inc.;0001820144
CADE;Cadence Bank;0001299939
WD;Walker & Dunlop, Inc.;0001497770
WDFC;WD 40 CO;0000105132
GNW;GENWORTH FINANCIAL INC;0001276520
ACAD;ACADIA PHARMACEUTICALS INC;0001070494
CLSK;CLEANSPARK, INC.;0000827876
PATK;PATRICK INDUSTRIES INC;0000076605
SLVM;Sylvamo Corp;0001856485
SWI;SolarWinds Corp;0001739942
ALRM;Alarm.com Holdings, Inc.;0001459200
LFST;LifeStance Health Group, Inc.;0001845257
HAE;HAEMONETICS CORP;0000313143
TRN;TRINITY INDUSTRIES INC;0000099780
NHI;NATIONAL HEALTH INVESTORS INC;0000877860
CWK;Cushman & Wakefield plc;0001628369
OUT;OUTFRONT Media Inc.;0001579877
NSP;INSPERITY, INC.;0001000753
BKU;BankUnited, Inc.;0001504008
BFH;BREAD FINANCIAL HOLDINGS, INC.;0001101215
DNLI;Denali Therapeutics Inc.;0001714899
PI;IMPINJ INC;0001114995
LAUR;LAUREATE EDUCATION, INC.;0000912766
ENVA;Enova International, Inc.;0001529864
USLM;UNITED STATES LIME & MINERALS INC;0000082020
MGRC;MCGRATH RENTCORP;0000752714
TEX;TEREX CORP;0000097216
GSAT;Globalstar, Inc.;0001366868
TGNA;TEGNA INC;0000039899
UEC;URANIUM ENERGY CORP;0001334933
TDW;TIDEWATER INC;0000098222
STNE;StoneCo Ltd.;0001745431
AZZ;AZZ INC;0000008947
AVA;AVISTA CORP;0000104918
PSMT;PRICESMART INC;0001041803
PLMR;Palomar Holdings, Inc.;0001761312
MGNI;MAGNITE, INC.;0001595974
TWST;Twist Bioscience Corp;0001581280
VCEL;Vericel Corp;0000887359
TBBK;Bancorp, Inc.;0001295401
NMIH;NMI Holdings, Inc.;0001547903
DEI;Douglas Emmett Inc;0001364250
FOLD;AMICUS THERAPEUTICS, INC.;0001178879
GEF;GREIF, INC;0000043920
GEFB;GREIF, INC;0000043920
AEO;AMERICAN EAGLE OUTFITTERS INC;0000919012
PRKS;United Parks & Resorts Inc.;0001564902
PRVA;Privia Health Group, Inc.;0001759655
SFNC;SIMMONS FIRST NATIONAL CORP;0000090498
ENFN;Enfusion, Inc.;0001868912
BRP;CALERES INC;0000014707
SMTC;SEMTECH CORP;0000088941
KNSA;Kiniksa Pharmaceuticals International, plc;0001730430
CVBF;CVB FINANCIAL CORP;0000354647
CDE;Coeur Mining, Inc.;0000215466
MCY;MERCURY GENERAL CORP;0000064996
LBRT;Liberty Energy Inc.;0001694028
VIAV;VIAVI SOLUTIONS INC.;0000912093
HCC;WARRIOR MET COAL, INC.;0001691303
AKR;ACADIA REALTY TRUST;0000899629
AWR;AMERICAN STATES WATER CO;0001056903
IOSP;INNOSPEC INC.;0001054905
FORM;FORMFACTOR INC;0001039399
ALHC;Alignment Healthcare, Inc.;0001832466
CALX;CALIX, INC;0001406666
PRK;PARK NATIONAL CORP /OH/;0000805676
CPK;CHESAPEAKE UTILITIES CORP;0000019745
PDCO;PATTERSON COMPANIES, INC.;0000891024
HP;Helmerich & Payne, Inc.;0000046765
SHOO;STEVEN MADDEN, LTD.;0000913241
BATRA;Atlanta Braves Holdings, Inc.;0001958140
BATRK;Atlanta Braves Holdings, Inc.;0001958140
SYNA;SYNAPTICS Inc;0000817720
JOE;ST JOE Co;0000745308
CPRX;CATALYST PHARMACEUTICALS, INC.;0001369568
CAKE;The Cheesecake Factory Incorporated;0000887596
FFBC;FIRST FINANCIAL BANCORP /OH/;0000708955
LMND;Lemonade, Inc.;0001691421
SEMR;SEMrush Holdings, Inc.;0001831840
FCPT;Four Corners Property Trust, Inc.;0001650132
GCMG;GCM Grosvenor Inc.;0001819796
OPFI;OppFi Inc.;0001818502
POWL;POWELL INDUSTRIES INC;0000080420
HBI;Hanesbrands Inc.;0001359841
FLYW;Flywire Corp;0001580560
AMK;AMKOR TECHNOLOGY, INC.;0001047127
PSFE;Paysafe Ltd;0001833835
LIVN;LivaNova PLC;0001639691
GRBK;Green Brick Partners, Inc.;0001373670
YELP;YELP INC;0001345016
BHVN;Biohaven Ltd.;0001935979
CWT;CALIFORNIA WATER SERVICE GROUP;0001035201
TTMI;TTM TECHNOLOGIES INC;0001116942
LCII;LCI INDUSTRIES;0000763744
PAR;PAR TECHNOLOGY CORP;0000708821
FRME;FIRST MERCHANTS CORP;0000712534
ABR;ARBOR REALTY TRUST INC;0001253986
OII;OCEANEERING INTERNATIONAL INC;0000073756
HUBG;Hub Group, Inc.;0000940942
BANC;BANC OF CALIFORNIA, INC.;0001169770
STNG;Scorpio Tankers Inc.;0001483934
UE;Urban Edge Properties;0001611547
CENT;CENTRAL GARDEN & PET CO;0000887733
CENTA;CENTRAL GARDEN & PET CO;0000887733
PRGS;PROGRESS SOFTWARE CORP /MA;0000876167
PAGS;PagSeguro Digital Ltd.;0001712807
CEIX;Core Natural Resources Inc.;0001710366
ARWR;ARROWHEAD PHARMACEUTICALS, INC.;0000879407
APPN;APPIAN CORP;0001441683
PFS;PROVIDENT FINANCIAL SERVICES INC;0001178970
SAH;SONIC AUTOMOTIVE INC;0001043509
EWTX;Edgewise Therapeutics, Inc.;0001710072
SBCF;SEACOAST BANKING CORP OF FLORIDA;0000730708
EPAC;ENERPAC TOOL GROUP CORP;0000006955
DIOD;DIODES INC /DEL/;0000029002
PPBI;PACIFIC PREMIER BANCORP INC;0001028918
AMRX;Amneal Pharmaceuticals, Inc.;0001723128
STRA;Strategic Education, Inc.;0001013934
KWR;QUAKER CHEMICAL CORP;0000081362
WAFD;WAFD INC;0000936528
LXP;LXP Industrial Trust;0000910108
FBK;FB Financial Corp;0001649749
JJSF;J&J SNACK FOODS CORP;0000785956
WSBC;WESBANCO INC;0000203596
LGFA;LIONS GATE ENTERTAINMENT CORP /CN/;0000929351
LGFB;LIONS GATE ENTERTAINMENT CORP /CN/;0000929351
SEM;SELECT MEDICAL HOLDINGS CORP;0001320414
MIRM;Mirum Pharmaceuticals, Inc.;0001759425
RPD;Rapid7, Inc.;0001560327
RNST;RENASANT CORP;0000715072
SDRL;Seadrill Ltd;0001737706
ATKR;Atkore Inc.;0001666138
BANR;BANNER CORP;0000946673
FLNC;Fluence Energy, Inc.;0001868941
HWKN;HAWKINS INC;0000046250
MYRG;MYR GROUP INC.;0000700923
IBRX;ImmunityBio, Inc.;0001326110
NMRK;NEWMARK GROUP, INC.;0001690680
TMDX;TransMedics Group, Inc.;0001756262
SIG;SIGNET JEWELERS LTD;0000832988
VICR;VICOR CORP;0000751978
HI;Hillenbrand, Inc.;0001417398
RAMP;LiveRamp Holdings, Inc.;0000733269
DAN;DANA INC;0000026780
KYMR;Kymera Therapeutics, Inc.;0001815442
SXI;STANDEX INTERNATIONAL CORP/DE/;0000310354
HNI;HNI CORP;0000048287
GT;GOODYEAR TIRE & RUBBER CO /OH/;0000042582
TRMK;TRUSTMARK CORP;0000036146
MTX;MINERALS TECHNOLOGIES INC;0000891014
BSIG;Acadian Asset Management Inc.;0001748824
VSH;VISHAY INTERTECHNOLOGY INC;0000103730
IVT;InvenTrust Properties Corp.;0001307748
ZD;ZIFF DAVIS, INC.;0001084048
CCS;Century Communities, Inc.;0001576940
CXM;Sprinklr, Inc.;0001569345
NBTB;NBT BANCORP INC;0000790359
SPNT;SiriusPoint Ltd;0001576018
VERA;Vera Therapeutics, Inc.;0001831828
OSW;ONESPAWORLD HOLDINGS Ltd;0001758488
ULCC;Frontier Group Holdings, Inc.;0001670076
SHO;Sunstone Hotel Investors, Inc.;0001295810
PTGX;Protagonist Therapeutics, Inc;0001377121
NEOG;NEOGEN CORP;0000711377
ENR;ENERGIZER HOLDINGS, INC.;0001632790
KAR;OPENLANE, Inc.;0001395942
ROIC;RETAIL OPPORTUNITY INVESTMENTS CORP;0001407623
JBLU;JETBLUE AIRWAYS CORP;0001158463
ALG;ALAMO GROUP INC;0000897077
BKE;BUCKLE INC;0000885245
COCO;Vita Coco Company, Inc.;0001482981
VC;VISTEON CORP;0001111335
EFSC;ENTERPRISE FINANCIAL SERVICES CORP;0001025835
HURN;Huron Consulting Group Inc.;0001289848
LMAT;LEMAITRE VASCULAR INC;0001158895
SYBT;Stock Yards Bancorp, Inc.;0000835324
KLIC;KULICKE & SOFFA INDUSTRIES INC;0000056978
BEAM;Beam Therapeutics Inc.;0001745999
RXRX;RECURSION PHARMACEUTICALS, INC.;0001601830
BBAI;BigBear.ai Holdings, Inc.;0001836981
WLY;JOHN WILEY & SONS, INC.;0000107140
VSEC;VSE CORP;0000102752
HRMY;Harmony Biosciences Holdings, Inc.;0001802665
ARCB;ARCBEST CORP /DE/;0000894405
ICFI;ICF International, Inc.;0001362004
AGM;FEDERAL AGRICULTURAL MORTGAGE CORP;0000845877
LGND;LIGAND PHARMACEUTICALS INC;0000886163
MBC;MasterBrand, Inc.;0001941365
CHEF;Chefs' Warehouse, Inc.;0001517175
PWP;Perella Weinberg Partners;0001777835
WERN;WERNER ENTERPRISES INC;0000793074
WOR;WORTHINGTON ENTERPRISES, INC.;0000108516
EVTC;EVERTEC, Inc.;0001559865
RVLV;Revolve Group, Inc.;0001746618
ADUS;Addus HomeCare Corp;0001468328
UPWK;UPWORK, INC;0001627475
ENVX;Enovix Corp;0001828318
SUPN;Supernus Pharmaceuticals Inc.;0001356576
IIPR;INNOVATIVE INDUSTRIAL PROPERTIES INC;0001677576
MTRN;MATERION Corp;0001104657
AVDX;AvidXchange Holdings, Inc.;0001858257
CNMD;CONMED Corp;0000816956
CXW;CoreCivic, Inc.;0001070985
HTH;Hilltop Holdings Inc.;0001265131
CIFR;Cipher Mining Inc.;0001819989
EXTR;EXTREME NETWORKS INC;0001078271
NEXT;NextDecade Corp.;0001612720
ATRC;AtriCure, Inc.;0001323885
JAMF;Jamf Holding Corp.;0001721947
DFH;Dream Finders Homes, Inc.;0001825088
GBX;GREENBRIER COMPANIES INC;0000923120
UFPT;UFP TECHNOLOGIES INC;0000914156
EVCM;EverCommerce Inc.;0001853145
LGIH;LGI Homes, Inc.;0001580670
JANX;Janux Therapeutics, Inc.;0001817713
OFG;OFG BANCORP;0001030469
WULF;TERAWULF INC.;0001083301
TRUP;TRUPANION, INC.;0001371285
TARS;Tarsus Pharmaceuticals, Inc.;0001819790
CWH;Camping World Holdings, Inc.;0001669779
CRNX;Crinetics Pharmaceuticals, Inc.;0001658247
TGI;TRIUMPH GROUP INC;0001021162
OMCL;OMNICELL, INC.;0000926326
FIHL;Fidelis Insurance Holdings Ltd;0001636639
SKWD;Skyward Specialty Insurance Group, Inc.;0001519449
INSW;International Seaways, Inc.;0001679049
DFIN;Donnelley Financial Solutions, Inc.;0001669811
IDYA;IDEAYA Biosciences, Inc.;0001676725
AGIO;AGIOS PHARMACEUTICALS, INC.;0001439222
CVI;CVR ENERGY INC;0001376139
MBIN;Merchants Bancorp;0001629019
PL;Planet Labs PBC;0001836833
NXT;Nextracker Inc.;0001852131
LEU;CENTRUS ENERGY CORP;0001065059
MQ;Marqeta, Inc.;0001522540
CENX;CENTURY ALUMINUM CO;0000949157
PGNY;Progyny, Inc.;0001551306
PLUS;EPLUS INC;0001022408
SPT;Sprout Social, Inc.;0001517375
WMK;WEIS MARKETS INC;0000105418
CASH;PATHWARD FINANCIAL, INC.;0000907471
PRDO;PERDOCEO EDUCATION Corp;0001046568
NABL;N-able, Inc.;0001834488
LZB;LA-Z-BOY INC;0000057131
GOGL;Golden Ocean Group Ltd;0001029145
STC;STEWART INFORMATION SERVICES CORP;0000094344
CSGS;CSG SYSTEMS INTERNATIONAL INC;0001005757
DBRG;DigitalBridge Group, Inc.;0001679688
SDGR;Schrodinger, Inc.;0001490978
ROCK;GIBRALTAR INDUSTRIES, INC.;0000912562
DHT;DHT Holdings, Inc.;0001331284
UNFI;UNITED NATURAL FOODS INC;0001020859
HPK;HighPeak Energy, Inc.;0001792849
XMTR;Xometry, Inc.;0001657573
FBNC;FIRST BANCORP /NC/;0000811589
FL;FOOT LOCKER, INC.;0000850209
MSGE;Madison Square Garden Entertainment Corp.;0001952073
BCRX;BIOCRYST PHARMACEUTICALS INC;0000882796
OI;O-I Glass, Inc. /DE/;0000812074
CUBI;Customers Bancorp, Inc.;0001488813
NIC;NICOLET BANKSHARES INC;0001174850
TFIN;Triumph Financial, Inc.;0001539638
NTB;Bank of N.T. Butterfield & Son Ltd;0001653242
DRH;DiamondRock Hospitality Co;0001298946
SVV;Savers Value Village, Inc.;0001883313
PAX;Patria Investments Ltd;0001825570
NTCT;NETSCOUT SYSTEMS INC;0001078075
GDYN;GRID DYNAMICS HOLDINGS, INC.;0001743725
PRG;PROG Holdings, Inc.;0001808834
TALO;TALOS ENERGY INC.;0001724965
IAS;INTEGRAL AD SCIENCE HOLDING CORP.;0001842718
UCTT;Ultra Clean Holdings, Inc.;0001275014
CHCO;CITY HOLDING CO;0000726854
REVG;REV Group, Inc.;0001687221
DVAX;DYNAVAX TECHNOLOGIES CORP;0001029142
LKFN;LAKELAND FINANCIAL CORP;0000721994
NEO;NEOGENOMICS INC;0001077183
PRM;Perimeter Solutions, Inc.;0001880319
PD;PagerDuty, Inc.;0001568100
THS;TreeHouse Foods, Inc.;0001320695
SPHR;Sphere Entertainment Co.;0001795250
CNXN;PC CONNECTION INC;0001050377
GTY;GETTY REALTY CORP /MD/;0001052752
GERN;GERON CORP;0000886744
HMN;HORACE MANN EDUCATORS CORP /DE/;0000850141
KMT;KENNAMETAL INC;0000055242
STR;Sitio Royalties Corp.;0001949543
SJW;SJW GROUP;0000766829
PHR;Phreesia, Inc.;0001412408
FCF;FIRST COMMONWEALTH FINANCIAL CORP /PA/;0000712537
EXPI;EXP World Holdings, Inc.;0001495932
WWW;WOLVERINE WORLD WIDE INC /DE/;0000110471
SOI;Solaris Energy Infrastructure, Inc.;0001697500
NWBI;Northwest Bancshares, Inc.;0001471265
TNC;TENNANT CO;0000097134
STGW;Stagwell Inc;0000876883
ROG;ROGERS CORP;0000084748
MTTR;Matterport, Inc./DE;0001819394
TVTX;Travere Therapeutics, Inc.;0001438533
UPBD;UPBOUND GROUP, INC.;0000933036
SONO;Sonos Inc;0001314727
WKC;WORLD KINECT CORP;0000789460
NBHC;National Bank Holdings Corp;0001475841
GNL;Global Net Lease, Inc.;0001526113
VRNT;VERINT SYSTEMS INC;0001166388
ARIS;Aris Water Solutions, Inc.;0001865187
IRON;Disc Medicine, Inc.;0001816736
WVE;Wave Life Sciences Ltd.;0001631574
IOVA;IOVANCE BIOTHERAPEUTICS, INC.;0001425205
ALGT;Allegiant Travel CO;0001362468
SRCE;1ST SOURCE CORP;0000034782
NGVT;Ingevity Corp;0001653477
DXPE;DXP ENTERPRISES INC;0001020710
NWN;NORTHWEST NATURAL GAS CO;0001733998
KN;Knowles Corp;0001587523
PBI;PITNEY BOWES INC /DE/;0000078814
LZ;LEGALZOOM.COM, INC.;0001286139
LOB;Live Oak Bancshares, Inc.;0001462120
UTI;UNIVERSAL TECHNICAL INSTITUTE INC;0001261654
VVX;V2X, Inc.;0001601548
CODI;Compass Diversified Holdings;0001345126
RDW;Redwire Corp;0001819810
DSP;Viant Technology Inc.;0001828791
ESRT;Empire State Realty Trust, Inc.;0001541401
MCRI;MONARCH CASINO & RESORT INC;0000907242
XPRO;EXPRO GROUP HOLDINGS N.V.;0001575828
INFN;Infinera Corp;0001138639
WTTR;Select Water Solutions, Inc.;0001693256
NHC;NATIONAL HEALTHCARE CORP;0001047335
VITL;Vital Farms, Inc.;0001579733
SASR;SANDY SPRING BANCORP INC;0000824410
NN;NEXTNAV INC.;0001865631
MNKD;MANNKIND CORP;0000899460
TROX;Tronox Holdings plc;0001530804
STEL;Stellar Bancorp, Inc.;0001473844
LTC;LTC PROPERTIES INC;0000887905
ZUO;ZUORA INC;0001423774
KOS;Kosmos Energy Ltd.;0001509991
STBA;S&T BANCORP INC;0000719220
SAFE;Safehold Inc.;0001095651
PX;P10, Inc.;0001841968
ATEN;A10 Networks, Inc.;0001580808
XHR;Xenia Hotels & Resorts, Inc.;0001616000
MLKN;MILLERKNOLL, INC.;0000066382
BHE;BENCHMARK ELECTRONICS INC;0000863436
SFL;SFL Corp Ltd.;0001289877
LADR;Ladder Capital Corp;0001577670
WS;Worthington Steel, Inc.;0001968487
LC;LendingClub Corp;0001409970
PEB;Pebblebrook Hotel Trust;0001474098
DNOW;DNOW Inc.;0001599617
VRE;Veris Residential, Inc.;0000924901
FSLY;Fastly, Inc.;0001517413
CDRE;Cadre Holdings, Inc.;0001860543
DYN;Dyne Therapeutics, Inc.;0001818794
PCT;PureCycle Technologies, Inc.;0001830033
SPNS;SAPIENS INTERNATIONAL CORP N V;0000885740
FDP;FRESH DEL MONTE PRODUCE INC;0001047340
DSGR;Distribution Solutions Group, Inc.;0000703604
RLJ;RLJ Lodging Trust;0001511337
TCBK;TRICO BANCSHARES /;0000356171
MMI;Marcus & Millichap, Inc.;0001578732
VBTX;Veritex Holdings, Inc.;0001501570
NAVI;NAVIENT CORP;0001593538
MLNK;MeridianLink, Inc.;0001834494
PLAB;PHOTRONICS INC;0000810136
TNK;TEEKAY TANKERS LTD.;0001419945
DNUT;Krispy Kreme, Inc.;0001857154
UMH;UMH PROPERTIES, INC.;0000752642
CLDX;Celldex Therapeutics, Inc.;0000744218
VRDN;Viridian Therapeutics, Inc.\DE;0001590750
CSTM;CONSTELLIUM SE;0001563411
HLIO;HELIOS TECHNOLOGIES, INC.;0001024795
LNN;LINDSAY CORP;0000836157
EVEX;Eve Holding, Inc.;0001823652
MXL;MAXLINEAR, INC;0001288469
CMRE;Costamare Inc.;0001503584
CTS;CTS CORP;0000026058
VECO;VEECO INSTRUMENTS INC;0000103145
ANDE;Andersons, Inc.;0000821026
HOPE;HOPE BANCORP INC;0001128361
SCL;STEPAN CO;0000094049
CMPR;CIMPRESS plc;0001262976
PLSE;PULSE BIOSCIENCES, INC.;0001625101
AAT;American Assets Trust, Inc.;0001500217
ELME;Elme Communities;0000104894
NRIX;Nurix Therapeutics, Inc.;0001549595
WINA;WINMARK CORP;0000908315
FLNG;Flex LNG Ltd.;0001772253
TWO;TWO HARBORS INVESTMENT CORP.;0001465740
WABC;WESTAMERICA BANCORPORATION;0000311094
MODG;Topgolf Callaway Brands Corp.;0000837465
IMAX;IMAX CORP;0000921582
CDNA;CareDx, Inc.;0001217234
SABR;Sabre Corp;0001597033
SCS;STEELCASE INC;0001050825
TILE;INTERFACE INC;0000715787
UNIT;Uniti Group Inc.;0001620280
WLFC;WILLIS LEASE FINANCE CORP;0001018164
USPH;U S PHYSICAL THERAPY INC /NV;0000885978
ARDX;ARDELYX, INC.;0001437402
UVV;UNIVERSAL CORP /VA/;0000102037
DGII;DIGI INTERNATIONAL INC;0000854775
NVAX;NOVAVAX INC;0001000694
HELE;HELEN OF TROY LTD;0000916789
LILA;Liberty Latin America Ltd.;0001712184
LILAK;Liberty Latin America Ltd.;0001712184
ALEX;Alexander & Baldwin, Inc.;0001545654
GIII;G III APPAREL GROUP LTD /DE/;0000821002
ARVN;ARVINAS, INC.;0001655759
QCRH;QCR HOLDINGS INC;0000906465
QNST;QUINSTREET, INC;0001117297
VRTS;VIRTUS INVESTMENT PARTNERS, INC.;0000883237
CMPO;CompoSecure, Inc.;0001823144
HLIT;HARMONIC INC;0000851310
PRO;PROS Holdings, Inc.;0001392972
RBCAA;REPUBLIC BANCORP INC /KY/;0000921557
DOLE;Dole plc;0001857475
CRAI;CRA INTERNATIONAL, INC.;0001053706
RXST;RxSight, Inc.;0001111485
VIR;Vir Biotechnology, Inc.;0001706431
INMD;InMode Ltd.;0001742692
SNDX;Syndax Pharmaceuticals Inc;0001395937
FUBO;fuboTV Inc. /FL;0001484769
INOD;INNODATA INC;0000903651
RES;RPC INC;0000742278
WGO;WINNEBAGO INDUSTRIES INC;0000107687
AORT;ARTIVION, INC.;0000784199
DCOM;Dime Community Bancshares, Inc. /NY/;0000846617
BHLB;BERKSHIRE HILLS BANCORP INC;0001108134
COUR;Coursera, Inc.;0001651562
LQDA;Liquidia Corp;0001819576
VTLE;Vital Energy, Inc.;0001528129
WEAV;Weave Communications, Inc.;0001609151
FWRG;First Watch Restaurant Group, Inc.;0001789940
HCI;HCI Group, Inc.;0001400810
JBGS;JBG SMITH Properties;0001689796
TPC;TUTOR PERINI CORP;0000077543
ARI;Apollo Commercial Real Estate Finance, Inc.;0001467760
PZZA;PAPA JOHNS INTERNATIONAL INC;0000901491
AIV;APARTMENT INVESTMENT & MANAGEMENT CO;0000922864
ANIP;ANI PHARMACEUTICALS INC;0001023024
HLX;HELIX ENERGY SOLUTIONS GROUP INC;0000866829
OBK;Origin Bancorp, Inc.;0001516912
CNNE;Cannae Holdings, Inc.;0001704720
BLBD;Blue Bird Corp;0001589526
DK;Delek US Holdings, Inc.;0001694426
MDXG;MIMEDX GROUP, INC.;0001376339
IMKTA;INGLES MARKETS INC;0000050493
CIM;CHIMERA INVESTMENT CORP;0001409493
KW;Kennedy-Wilson Holdings, Inc.;0001408100
CTOS;Custom Truck One Source, Inc.;0001709682
IDT;IDT CORP;0001005731
TPB;Turning Point Brands, Inc.;0001290677
MRTN;MARTEN TRANSPORT LTD;0000799167
PCRX;Pacira BioSciences, Inc.;0001396814
BLFS;BIOLIFE SOLUTIONS INC;0000834365
EIG;Employers Holdings, Inc.;0001379041
MD;Pediatrix Medical Group, Inc.;0000893949
DAWN;Day One Biopharmaceuticals, Inc.;0001845337
ECPG;ENCORE CAPITAL GROUP INC;0001084961
CRCT;Cricut, Inc.;0001828962
GABC;GERMAN AMERICAN BANCORP, INC.;0000714395
PMT;PennyMac Mortgage Investment Trust;0001464423
EVRI;Everi Holdings Inc.;0001318568
XNCR;Xencor Inc;0001326732
EOSE;Eos Energy Enterprises, Inc.;0001805077
OLO;Olo Inc.;0001431695
NVEE;NV5 Global, Inc.;0001532961
OXM;OXFORD INDUSTRIES INC;0000075288
NTST;NETSTREIT Corp.;0001798100
FOR;Forestar Group Inc.;0001406587
ETNB;89bio, Inc.;0001785173
KALU;KAISER ALUMINUM CORP;0000811596
PEBO;PEOPLES BANCORP INC;0000318300
OCUL;OCULAR THERAPEUTIX, INC;0001393434
JBI;Janus International Group, Inc.;0001839839
ARLO;Arlo Technologies, Inc.;0001736946
FBMS;FIRST BANCSHARES INC /MS/;0000947559
EVH;Evolent Health, Inc.;0001628908
SAFT;SAFETY INSURANCE GROUP INC;0001172052
AMWD;AMERICAN WOODMARK CORP;0000794619
EFC;Ellington Financial Inc.;0001411342
XPEL;XPEL, Inc.;0001767258
ICHR;ICHOR HOLDINGS, LTD.;0001652535
UDMY;Udemy, Inc.;0001607939
AUPH;Aurinia Pharmaceuticals Inc.;0001600620
SPRY;ARS Pharmaceuticals, Inc.;0001671858
HROW;HARROW, INC.;0001360214
INVA;Innoviva, Inc.;0001080014
RCUS;Arcus Biosciences, Inc.;0001724521
DEA;Easterly Government Properties, Inc.;0001622194
MYGN;MYRIAD GENETICS INC;0000899923
CARS;Cars.com Inc.;0001683606
DRQ;Innovex International Inc.;0001042893
UTZ;Utz Brands, Inc.;0001739566
OPK;OPKO HEALTH, INC.;0000944809
PTLO;Portillo's Inc.;0001871509
THRM;Gentherm Inc;0000903129
STAA;STAAR SURGICAL CO;0000718937
RC;Ready Capital Corp;0001527590
APOG;APOGEE ENTERPRISES, INC.;0000006845
LMB;Limbach Holdings, Inc.;0001606163
COMM;CommScope Holding Company, Inc.;0001517228
BRKL;BROOKLINE BANCORP INC;0001049782
VMEO;Vimeo, Inc.;0001837686
MFA;MFA FINANCIAL, INC.;0001055160
FNA;Paragon 28, Inc.;0001531978
ARRY;Array Technologies, Inc.;0001820721
AOSL;ALPHA & OMEGA SEMICONDUCTOR Ltd;0001387467
NG;NOVAGOLD RESOURCES INC;0001173420
KRO;KRONOS WORLDWIDE INC;0001257640
MRC;MRC GLOBAL INC.;0001439095
SSTK;Shutterstock, Inc.;0001549346
FOXF;FOX FACTORY HOLDING CORP;0001424929
PDFS;PDF SOLUTIONS INC;0001120914
AMAL;Amalgamated Financial Corp.;0001823608
NGVC;Natural Grocers by Vitamin Cottage, Inc.;0001547459
OCFC;OCEANFIRST FINANCIAL CORP;0001004702
PAHC;PHIBRO ANIMAL HEALTH CORP;0001069899
DX;DYNEX CAPITAL INC;0000826675
FBRT;Franklin BSP Realty Trust, Inc.;0001562528
ARR;Armour Residential REIT, Inc.;0001428205
ELVN;Enliven Therapeutics, Inc.;0001672619
LQDT;LIQUIDITY SERVICES INC;0001235468
KIND;Nextdoor Holdings, Inc.;0001846069
PFC;PREMIER FINANCIAL CORP;0000946647
PRLB;Proto Labs Inc;0001443669
CNOB;ConnectOne Bancorp, Inc.;0000712771
BELFB;BEL FUSE INC /NJ;0000729580
RDFN;Redfin Corp;0001382821
VTOL;Bristow Group Inc.;0001525221
PGRE;Paramount Group, Inc.;0001605607
BFC;Bank First Corp;0001746109
TMP;TOMPKINS FINANCIAL CORP;0001005817
CRSR;Corsair Gaming, Inc.;0001743759
PDM;Piedmont Office Realty Trust, Inc.;0001042776
HSTM;HEALTHSTREAM INC;0001095565
LPG;DORIAN LPG LTD.;0001596993
EMBC;Embecta Corp.;0001872789
NX;Quanex Building Products CORP;0001423221
CMCO;COLUMBUS MCKINNON CORP;0001005229
COHU;COHU INC;0000021535
NXRT;NexPoint Residential Trust, Inc.;0001620393
CSR;CENTERSPACE;0000798359
NRDS;NERDWALLET, INC.;0001625278
BLMN;Bloomin' Brands, Inc.;0001546417
CTBI;COMMUNITY TRUST BANCORP INC /KY/;0000350852
UUUU;ENERGY FUELS INC;0001385849
DCO;DUCOMMUN INC /DE/;0000030305
XRX;Xerox Holdings Corp;0001770450
BASE;Couchbase, Inc.;0001845022
ASPN;ASPEN AEROGELS INC;0001145986
COLL;COLLEGIUM PHARMACEUTICAL, INC;0001267565
ALX;ALEXANDERS INC;0000003499
OPEN;Opendoor Technologies Inc.;0001801169
KFRC;KFORCE INC;0000930420
PARR;PAR PACIFIC HOLDINGS, INC.;0000821483
SBGI;Sinclair, Inc.;0001971213
AMTB;Amerant Bancorp Inc.;0001734342
GOGO;Gogo Inc.;0001537054
NTLA;Intellia Therapeutics, Inc.;0001652130
SBH;Sally Beauty Holdings, Inc.;0001368458
TRS;TRIMAS CORP;0000842633
GRC;GORMAN RUPP CO;0000042682
COGT;Cogent Biosciences, Inc.;0001622229
IIIV;i3 Verticals, Inc.;0001728688
THR;Thermon Group Holdings, Inc.;0001489096
BHRB;Burke & Herbert Financial Services Corp.;0001964333
SBSI;SOUTHSIDE BANCSHARES INC;0000705432
AMSF;AMERISAFE INC;0001018979
CECO;CECO ENVIRONMENTAL CORP;0000003197
PLAY;Dave & Buster's Entertainment, Inc.;0001525769
NSSC;NAPCO SECURITY TECHNOLOGIES, INC;0000069633
ECVT;Ecovyst Inc.;0001708035
FWRD;FORWARD AIR CORP;0000912728
HSII;HEIDRICK & STRUGGLES INTERNATIONAL INC;0001066605
EYE;National Vision Holdings, Inc.;0001710155
RCKT;ROCKET PHARMACEUTICALS, INC.;0001281895
HY;HYSTER-YALE, INC.;0001173514
AVAH;Aveanna Healthcare Holdings, Inc.;0001832332
PUMP;ProPetro Holding Corp.;0001680247
FMBH;FIRST MID BANCSHARES, INC.;0000700565
PNTG;Pennant Group, Inc.;0001766400
PRAA;PRA GROUP INC;0001185348
SNCY;Sun Country Airlines Holdings, Inc.;0001743907
KRUS;KURA SUSHI USA, INC.;0001772177
TH;Target Hospitality Corp.;0001712189
SEAT;Vivid Seats Inc.;0001856031
SCSC;SCANSOURCE, INC.;0000918965
GDEN;GOLDEN ENTERTAINMENT, INC.;0001071255
GIC;GLOBAL INDUSTRIAL Co;0000945114
ADTN;ADTRAN Holdings, Inc.;0000926282
REPL;Replimune Group, Inc.;0001737953
ZYME;Zymeworks Inc.;0001937653
EEX;Emerald Holding, Inc.;0001579214
HTLD;HEARTLAND EXPRESS INC;0000799233
UTL;UNITIL CORP;0000755001
UVSP;UNIVEST FINANCIAL Corp;0000102212
MSEX;MIDDLESEX WATER CO;0000066004
FIGS;FIGS, Inc.;0001846576
EVGO;EVgo Inc.;0001821159
BFLY;Butterfly Network, Inc.;0001804176
PRTH;Priority Technology Holdings, Inc.;0001653558
HCKT;HACKETT GROUP, INC.;0001057379
RWT;REDWOOD TRUST INC;0000930236
ETWO;E2open Parent Holdings, Inc.;0001800347
NTGR;NETGEAR, INC.;0001122904
STKL;SunOpta Inc.;0000351834
BDN;BRANDYWINE REALTY TRUST;0000790816
ADV;Advantage Solutions Inc.;0001776661
ATLC;Atlanticus Holdings Corp;0001464343
MAX;MediaAlpha, Inc.;0001818383
OSBC;OLD SECOND BANCORP INC;0000357173
HFWA;HERITAGE FINANCIAL CORP /WA/;0001046025
DLX;DELUXE CORP;0000027996
MLAB;MESA LABORATORIES INC /CO/;0000724004
YEXT;Yext, Inc.;0001614178
GRNT;Granite Ridge Resources, Inc.;0001928446
WRLD;WORLD ACCEPTANCE CORP;0000108385
EOLS;Evolus, Inc.;0001570562
SXC;SunCoke Energy, Inc.;0001514705
PPTA;PERPETUA RESOURCES CORP.;0001526243
BFST;Business First Bancshares, Inc.;0001624322
JBSS;SANFILIPPO JOHN B & SON INC;0000880117
BJRI;BJs RESTAURANTS INC;0001013488
OEC;Orion S.A.;0001609804
FCBC;FIRST COMMUNITY BANKSHARES INC /VA/;0000859070
AVO;Mission Produce, Inc.;0001802974
MBWM;MERCANTILE BANK CORP;0001042729
CLB;Core Laboratories Inc.;0001958086
INDI;indie Semiconductor, Inc.;0001841925
MCBS;MetroCity Bankshares, Inc.;0001747068
HOV;HOVNANIAN ENTERPRISES INC;0000357294
CPF;CENTRAL PACIFIC FINANCIAL CORP;0000701347
ORIC;Oric Pharmaceuticals, Inc.;0001796280
PUBM;PubMatic, Inc.;0001422930
GLDD;Great Lakes Dredge & Dock CORP;0001372020
ZIP;ZIPRECRUITER, INC.;0001617553
ASIX;AdvanSix Inc.;0001673985
HCSG;HEALTHCARE SERVICES GROUP INC;0000731012
ULH;UNIVERSAL LOGISTICS HOLDINGS, INC.;0001308208
EGBN;EAGLE BANCORP INC;0001050441
SITC;SITE Centers Corp.;0000894315
CSTL;CASTLE BIOSCIENCES INC;0001447362
HBT;HBT Financial, Inc.;0000775215
ARKO;ARKO Corp.;0001823794
NUVB;Nuvation Bio Inc.;0001811063
DAKT;DAKTRONICS INC /SD/;0000915779
MATW;MATTHEWS INTERNATIONAL CORP;0000063296
IRMD;IRADIMED CORP;0001325618
AVNS;AVANOS MEDICAL, INC.;0001606498
EVER;EverQuote, Inc.;0001640428
HBNC;HORIZON BANCORP INC /IN/;0000706129
CLNE;Clean Energy Fuels Corp.;0001368265
TIPT;TIPTREE INC.;0001393726
PRTA;PROTHENA CORP PUBLIC LTD CO;0001559053
VTS;Vitesse Energy, Inc.;0001944558
SWIM;Latham Group, Inc.;0001833197
FNKO;Funko, Inc.;0001704711
HIPO;Hippo Holdings Inc.;0001828105
SLQT;SelectQuote, Inc.;0001794783
DMRC;Digimarc CORP;0001438231
KREF;KKR Real Estate Finance Trust Inc.;0001631596
IBCP;INDEPENDENT BANK CORP /MI/;0000039311
PRA;PROASSURANCE CORP;0001127703
RYI;Ryerson Holding Corp;0001481582
ASTE;ASTEC INDUSTRIES INC;0000792987
IE;Ivanhoe Electric Inc.;0001879016
OSPN;OneSpan Inc.;0001044777
AVXL;ANAVEX LIFE SCIENCES CORP.;0001314052
PLYM;Plymouth Industrial REIT, Inc.;0001515816
MLR;MILLER INDUSTRIES INC /TN/;0000924822
JELD;JELD-WEN Holding, Inc.;0001674335
JACK;JACK IN THE BOX INC;0000807882
ETD;ETHAN ALLEN INTERIORS INC;0000896156
REX;REX AMERICAN RESOURCES Corp;0000744187
BALY;Bally's Corp;0001747079
NVRI;ENVIRI Corp;0000045876
SLP;Simulations Plus, Inc.;0001023459
BRSP;BrightSpire Capital, Inc.;0001717547
LPRO;Open Lending Corp;0001806201
HAFC;HANMI FINANCIAL CORP;0001109242
BH;Biglari Holdings Inc.;0001726173
SHLS;Shoals Technologies Group, Inc.;0001831651
GLT;Magnera Corp.;0000041719
REPX;Riley Exploration Permian, Inc.;0001001614
CTLP;CANTALOUPE, INC.;0000896429
TRNS;TRANSCAT INC;0000099302
MEG;Montrose Environmental Group, Inc.;0001643615
INN;Summit Hotel Properties, Inc.;0001497645
MBUU;MALIBU BOATS, INC.;0001590976
MGPI;MGP INGREDIENTS INC;0000835011
SIBN;SI-BONE, Inc.;0001459839
THRY;Thryv Holdings, Inc.;0001556739
CRNC;Cerence Inc.;0001768267
HONE;HarborOne Bancorp, Inc.;0001769617
GOOD;GLADSTONE COMMERCIAL CORP;0001234006
CVLG;COVENANT LOGISTICS GROUP, INC.;0000928658
RPAY;Repay Holdings Corp;0001720592
HZO;MARINEMAX INC;0001057060
ESQ;Esquire Financial Holdings, Inc.;0001531031
MCB;Metropolitan Bank Holding Corp.;0001476034
GSBC;GREAT SOUTHERN BANCORP, INC.;0000854560
OFIX;Orthofix Medical Inc.;0000884624
TRTX;TPG RE Finance Trust, Inc.;0001630472
SCVL;SHOE CARNIVAL INC;0000895447
KRNY;Kearny Financial Corp.;0001617242
PLPC;PREFORMED LINE PRODUCTS CO;0000080035
CNDT;CONDUENT Inc;0001677703
GCI;Gannett Co., Inc.;0001579684
KURA;Kura Oncology, Inc.;0001422143
WSR;Whitestone REIT;0001175535
SMBC;SOUTHERN MISSOURI BANCORP, INC.;0000916907
NPK;NATIONAL PRESTO INDUSTRIES INC;0000080172
FIP;FTAI Infrastructure Inc.;0001899883
VERV;Verve Therapeutics, Inc.;0001840574
MCS;MARCUS CORP;0000062234
RXT;Rackspace Technology, Inc.;0001810019
RLAY;Relay Therapeutics, Inc.;0001812364
LIND;LINDBLAD EXPEDITIONS HOLDINGS, INC.;0001512499
ATRO;ASTRONICS CORP;0000008063
SMP;STANDARD MOTOR PRODUCTS, INC.;0000093389
MOFG;MidWestOne Financial Group, Inc.;0001412665
SFIX;Stitch Fix, Inc.;0001576942
CURV;Torrid Holdings Inc.;0001792781
CTKB;Cytek Biosciences, Inc.;0001831915
ORRF;ORRSTOWN FINANCIAL SERVICES INC;0000826154
LEGH;Legacy Housing Corp;0001436208
GES;GUESS INC;0000912463
TK;TEEKAY CORP LTD;0000911971
HTBI;HomeTrust Bancshares, Inc.;0001538263
FSBC;FIVE STAR BANCORP;0001275168
CAC;CAMDEN NATIONAL CORP;0000750686
ORC;Orchid Island Capital, Inc.;0001518621
OMI;OWENS & MINOR INC/VA/;0000075252
SHEN;SHENANDOAH TELECOMMUNICATIONS CO/VA/;0000354963
RBBN;Ribbon Communications Inc.;0001708055
TMCI;TREACE MEDICAL CONCEPTS, INC.;0001630627
DHC;DIVERSIFIED HEALTHCARE TRUST;0001075415
PACK;Ranpak Holdings Corp.;0001712463
HTBK;HERITAGE COMMERCE CORP;0001053352
ABUS;Arbutus Biopharma Corp;0001447028
TRST;TRUSTCO BANK CORP N Y;0000357301
EVLV;Evolv Technologies Holdings, Inc.;0001805385
LYTS;LSI INDUSTRIES INC;0000763532
UFCS;UNITED FIRE GROUP INC;0000101199
TYRA;Tyra Biosciences, Inc.;0001863127
WEST;Westrock Coffee Co;0001806347
SPTN;SpartanNash Co;0000877422
GNK;GENCO SHIPPING & TRADING LTD;0001326200
ODC;Oil-Dri Corp of America;0000074046
CSV;CARRIAGE SERVICES INC;0001016281
DH;Definitive Healthcare Corp.;0001861795
MNTK;Montauk Renewables, Inc.;0001826600
THFF;FIRST FINANCIAL CORP /IN/;0000714562
ODP;ODP Corp;0000800240
TREE;LendingTree, Inc.;0001434621
SANA;Sana Biotechnology, Inc.;0001770121
VEL;Velocity Financial, Inc.;0001692376
KOP;Koppers Holdings Inc.;0001315257
RGR;STURM RUGER & CO INC;0000095029
KRT;Karat Packaging Inc.;0001758021
LXU;LSB INDUSTRIES, INC.;0000060714
CRMD;CorMedix Inc.;0001410098
SMBK;SMARTFINANCIAL INC.;0001038773
PGC;PEAPACK GLADSTONE FINANCIAL CORP;0001050743
CTO;CTO Realty Growth, Inc.;0000023795
KODK;EASTMAN KODAK CO;0000031235
DDD;3D SYSTEMS CORP;0000910638
PLOW;DOUGLAS DYNAMICS, INC;0001287213
KIDS;ORTHOPEDIATRICS CORP;0001425450
GAMB;Gambling.com Group Ltd;0001839799
FRPH;FRP HOLDINGS, INC.;0000844059
USNA;USANA HEALTH SCIENCES INC;0000896264
RMR;RMR GROUP INC.;0001644378
SPFI;SOUTH PLAINS FINANCIAL, INC.;0001163668
CGEM;Cullinan Therapeutics, Inc.;0001789972
CASS;CASS INFORMATION SYSTEMS INC;0000708781
NBR;NABORS INDUSTRIES LTD;0001163739
CAL;CALERES INC;0000014707
MNRO;MONRO, INC.;0000876427
TTI;TETRA TECHNOLOGIES INC;0000844965
CLMB;Climb Global Solutions, Inc.;0000945983
WNC;WABASH NATIONAL Corp;0000879526
MDRX;Allscripts Healthcare Solutions Inc;0001124804
NR;NPK International Inc.;0000071829
IMXI;International Money Express, Inc.;0001683695
FPI;Farmland Partners Inc.;0001591670
NAT;NORDIC AMERICAN TANKERS Ltd;0001000177
APPS;Digital Turbine, Inc.;0000317788
CHCT;Community Healthcare Trust Inc;0001631569
TWI;TITAN INTERNATIONAL INC;0000899751
UVE;UNIVERSAL INSURANCE HOLDINGS, INC.;0000891166
WASH;WASHINGTON TRUST BANCORP INC;0000737468
ACCD;Accolade, Inc.;0001481646
FARO;FARO TECHNOLOGIES INC;0000917491
NYMT;NEW YORK MORTGAGE TRUST, INC.;0001273685
RDVT;Red Violet, Inc.;0001720116
DCGO;DocGo Inc.;0001822359
IIIN;INSTEEL INDUSTRIES INC;0000764401
AMBC;AMBAC FINANCIAL GROUP INC;0000874501
OLP;ONE LIBERTY PROPERTIES INC;0000712770
VHI;VALHI INC /DE/;0000059255
DJCO;DAILY JOURNAL CORP;0000783412
LINC;LINCOLN EDUCATIONAL SERVICES CORP;0001286613
EBS;Emergent BioSolutions Inc.;0001367644
SHBI;SHORE BANCSHARES INC;0001035092
ALRS;ALERUS FINANCIAL CORP;0000903419
CCSI;Consensus Cloud Solutions, Inc.;0001866633
MVST;Microvast Holdings, Inc.;0001760689
STOK;Stoke Therapeutics, Inc.;0001623526
NVTS;Navitas Semiconductor Corp;0001821769
BIGC;BigCommerce Holdings, Inc.;0001626450
BKSY;BlackSky Technology Inc.;0001753539
ALTI;AlTi Global, Inc.;0001838615
EBTC;ENTERPRISE BANCORP INC /MA/;0001018399
CMPX;Compass Therapeutics, Inc.;0001738021
LASR;NLIGHT, INC.;0001124796
VREX;Varex Imaging Corp;0001681622
UHT;UNIVERSAL HEALTH REALTY INCOME TRUST;0000798783
XERS;Xeris Biopharma Holdings, Inc.;0001867096
BRCC;BRC Inc.;0001891101
EBF;ENNIS, INC.;0000033002
ATEX;Anterix Inc.;0001304492
RSVR;Reservoir Media, Inc.;0001824403
METCB;Ramaco Resources, Inc.;0001687187
SENEA;Seneca Foods Corp;0000088948
HLF;HERBALIFE LTD.;0001180262
SCHL;SCHOLASTIC CORP;0000866729
APLD;Applied Digital Corp.;0001144879
FMNB;FARMERS NATIONAL BANC CORP /OH/;0000709337
IVR;Invesco Mortgage Capital Inc.;0001437071
GMRE;Global Medical REIT Inc.;0001533615
PGEN;PRECIGEN, INC.;0001356090
MGTX;MeiraGTx Holdings plc;0001735438
HUMA;Humacyte, Inc.;0001818382
PFIS;PEOPLES FINANCIAL SERVICES CORP.;0001056943
FLWS;1 800 FLOWERS COM INC;0001084869
NFBK;Northfield Bancorp, Inc.;0001493225
TCBX;Third Coast Bancshares, Inc.;0001781730
TTGT;TechTarget Holdings Inc.;0002018064
CLW;Clearwater Paper Corp;0001441236
FC;FRANKLIN COVEY CO;0000886206
DGICA;DONEGAL GROUP INC;0000800457
VLGEA;VILLAGE SUPER MARKET INC;0000103595
NWPX;NORTHWEST PIPE CO;0001001385
LVWR;LiveWire Group, Inc.;0001898795
CMP;COMPASS MINERALS INTERNATIONAL INC;0001227654
ANNX;Annexon, Inc.;0001528115
BAND;Bandwidth Inc.;0001514416
WLDN;Willdan Group, Inc.;0001370450
CLPT;ClearPoint Neuro, Inc.;0001285550
OMER;OMEROS CORP;0001285819
MITK;MITEK SYSTEMS INC;0000807863
SRDX;SURMODICS INC;0000924717
UIS;UNISYS CORP;0000746838
AGS;PlayAGS, Inc.;0001593548
FLGT;Fulgent Genetics, Inc.;0001674930
UNTY;UNITY BANCORP INC /NJ/;0000920427
MPB;MID PENN BANCORP INC;0000879635
BHB;BAR HARBOR BANKSHARES;0000743367
GDOT;GREEN DOT CORP;0001386278
MATV;Mativ Holdings, Inc.;0001000623
CLFD;Clearfield, Inc.;0000796505
NRIM;NORTHRIM BANCORP INC;0001163370
HNRG;HALLADOR ENERGY CO;0000788965
TRDA;Entrada Therapeutics, Inc.;0001689375
ASC;Ardmore Shipping Corp;0001577437
RYAM;RAYONIER ADVANCED MATERIALS INC.;0001597672
SVRA;Savara Inc;0001160308
KELYA;KELLY SERVICES INC;0000055135
NREF;NexPoint Real Estate Finance, Inc.;0001786248
MLYS;Mineralys Therapeutics, Inc.;0001933414
ORGO;Organogenesis Holdings Inc.;0001661181
SWBI;SMITH & WESSON BRANDS, INC.;0001092796
RICK;RCI HOSPITALITY HOLDINGS, INC.;0000935419
EU;enCore Energy Corp.;0001500881
GNTY;GUARANTY BANCSHARES INC /TX/;0001058867
RNAC;Cartesian Therapeutics, Inc.;0001453687
ALT;Altimmune, Inc.;0001326190
SVC;Service Properties Trust;0000945394
CYH;COMMUNITY HEALTH SYSTEMS INC;0001108109
LBC;Libero Copper & Gold Corp.;0001580110
PROK;PROKIDNEY CORP.;0001850270
GLRE;GREENLIGHT CAPITAL RE, LTD.;0001385613
ACCO;ACCO BRANDS Corp;0000712034
SKYT;SkyWater Technology, Inc;0001819974
MXCT;MAXCYTE, INC.;0001287098
GCBC;GREENE COUNTY BANCORP INC;0001070524
SD;SANDRIDGE ENERGY INC;0001349436
KALV;KalVista Pharmaceuticals, Inc.;0001348911
YORW;YORK WATER CO;0000108985
MYE;MYERS INDUSTRIES INC;0000069488
URGN;UroGen Pharma Ltd.;0001668243
GCO;GENESCO INC;0000018498
FBIZ;First Business Financial Services Inc.;0001521951
INNV;InnovAge Holding Corp.;0001834376
CMTG;Claros Mortgage Trust, Inc.;0001666291
TBPH;Theravance Biopharma, Inc.;0001583107
BGS;B&G Foods, Inc.;0001278027
BSRR;SIERRA BANCORP;0001130144
SAGE;Sage Therapeutics, Inc.;0001597553
EGY;VAALCO ENERGY INC /DE/;0000894627
TITN;Titan Machinery Inc.;0001409171
CELC;Celcuity Inc.;0001603454
HPP;Hudson Pacific Properties, Inc.;0001482512
TRC;TEJON RANCH CO;0000096869
ANGO;ANGIODYNAMICS INC;0001275187
ARCT;Arcturus Therapeutics Holdings Inc.;0001768224
WALD;Waldencast plc;0001840199
SIGA;SIGA TECHNOLOGIES INC;0001010086
FFWM;First Foundation Inc.;0001413837
FISI;FINANCIAL INSTITUTIONS INC;0000862831
MOV;MOVADO GROUP INC;0000072573
OABI;OmniAb, Inc.;0001846253
FFIC;FLUSHING FINANCIAL CORP;0000923139
AMCX;AMC Networks Inc.;0001514991
EYPT;EyePoint Pharmaceuticals, Inc.;0001314102
KROS;Keros Therapeutics, Inc.;0001664710
CLDT;Chatham Lodging Trust;0001476045
EHAB;Enhabit, Inc.;0001803737
GEVO;Gevo, Inc.;0001392380
ITIC;INVESTORS TITLE CO;0000720858
GPRE;Green Plains Inc.;0001309402
SB;SAFE BULKERS, INC.;0001434754
NNOX;Nano-X Imaging Ltd.;0001795251
MSBI;Midland States Bancorp, Inc.;0001466026
SES;SES AI Corp;0001819142
CWCO;Consolidated Water Co. Ltd.;0000928340
SHYF;SHYFT GROUP, INC.;0000743238
DIN;Dine Brands Global, Inc.;0000049754
CRMT;AMERICAS CARMART INC;0000799850
LMNR;Limoneira CO;0001342423
CARE;Carter Bankshares, Inc.;0001829576
HBCP;HOME BANCORP, INC.;0001436425
KE;Kimball Electronics, Inc.;0001606757
TCMD;TACTILE SYSTEMS TECHNOLOGY INC;0001027838
BBCP;Concrete Pumping Holdings, Inc.;0001703956
NRC;NATIONAL RESEARCH CORP;0000070487
KLTR;Kaltura Inc.;0001432133
GTN;GRAY TELEVISION INC;0000043196
MLP;MAUI LAND & PINEAPPLE CO INC;0000063330
ZVRA;ZEVRA THERAPEUTICS, INC.;0001434647
RRBI;RED RIVER BANCSHARES INC;0001071236
DHIL;DIAMOND HILL INVESTMENT GROUP INC;0000909108
ZEUS;Olympic Steel Inc.;0000917470
XPER;Xperi Inc.;0001788999
CVGW;CALAVO GROWERS INC;0001133470
OOMA;OOMA INC;0001327688
BSVN;Bank7 Corp.;0001746129
GLUE;Monte Rosa Therapeutics, Inc.;0001826457
ANAB;ANAPTYSBIO, INC;0001370053
EWCZ;European Wax Center, Inc.;0001856236
JILL;J.Jill, Inc.;0001687932
RGNX;REGENXBIO Inc.;0001590877
GNE;Genie Energy Ltd.;0001528356
OFLX;Omega Flex, Inc.;0001317945
PBPB;POTBELLY CORP;0001195734
AURA;Aura Biosciences, Inc.;0001501796
CDZI;CADIZ INC;0000727273
LAND;GLADSTONE LAND Corp;0001495240
RNGR;Ranger Energy Services, Inc.;0001699039
HOUS;Anywhere Real Estate Inc.;0001398987
USCB;USCB FINANCIAL HOLDINGS, INC.;0001901637
PKST;Peakstone Realty Trust;0001600626
LXFR;LUXFER HOLDINGS PLC;0001096056
WSBF;Waterstone Financial Inc.;0001569994
WOW;WideOpenWest, Inc.;0001701051
MPLN;MultiPlan Corp;0001793229
TERN;Terns Pharmaceuticals, Inc.;0001831363
HAIN;HAIN CELESTIAL GROUP INC;0000910406
RIGL;RIGEL PHARMACEUTICALS INC;0001034842
EGHT;8X8 INC /DE/;0001023731
GOCO;GoHealth, Inc.;0001808220
ASLE;AerSale Corp;0001754170
SNBR;Sleep Number Corp;0000827187
WTBA;WEST BANCORPORATION INC;0001166928
FMAO;FARMERS & MERCHANTS BANCORP INC;0000792966
PHAT;Phathom Pharmaceuticals, Inc.;0001783183
ZIMV;ZimVie Inc.;0001876588
RM;Regional Management Corp.;0001519401
RDUS;RADIUS RECYCLING, INC.;0000912603
MBI;MBIA INC;0000814585
LOCO;El Pollo Loco Holdings, Inc.;0001606366
PACB;PACIFIC BIOSCIENCES OF CALIFORNIA, INC.;0001299130
CVRX;CVRx, Inc.;0001235912
MEI;METHODE ELECTRONICS INC;0000065270
HVT;HAVERTY FURNITURE COMPANIES INC;0000216085
SMLR;Semler Scientific, Inc.;0001554859
PKOH;PARK OHIO HOLDINGS CORP;0000076282
JAKK;JAKKS PACIFIC INC;0001009829
HYLN;Hyliion Holdings Corp.;0001759631
DENN;DENNY'S Corp;0000852772
ALDX;Aldeyra Therapeutics, Inc.;0001341235
OB;Outbrain Inc.;0001454938
QUAD;Quad/Graphics, Inc.;0001481792
LE;LANDS' END, INC.;0000799288
NATH;NATHANS FAMOUS, INC.;0000069733
HCAT;Health Catalyst, Inc.;0001636422
PNRG;PRIMEENERGY RESOURCES CORP;0000056868
MTW;MANITOWOC CO INC;0000061986
NL;NL INDUSTRIES INC;0000072162
LOVE;Lovesac Co;0001701758
BARK;Bark, Inc.;0001819574
WEYS;WEYCO GROUP INC;0000106532
NVEC;NVE CORP /NEW/;0000724910
NECB;NorthEast Community Bancorp, Inc./MD/;0001847398
EXFY;Expensify, Inc.;0001476840
CIVB;CIVISTA BANCSHARES, INC.;0000944745
HLLY;Holley Inc.;0001822928
NRDY;Nerdy Inc.;0001819404
EB;Eventbrite, Inc.;0001475115
PTSI;Pamt Corp;0000798287
CYRX;Cryoport, Inc.;0001124524
IPI;Intrepid Potash, Inc.;0001421461
BRY;Berry Corp (bry);0001705873
OIS;OIL STATES INTERNATIONAL, INC;0001121484
CZNC;CITIZENS & NORTHERN CORP;0000810958
SPOK;Spok Holdings, Inc;0001289945
MVIS;MICROVISION, INC.;0000065770
BRT;BRT Apartments Corp.;0000014846
NEWT;NewtekOne, Inc.;0001587987
RLGT;RADIANT LOGISTICS, INC;0001171155
MEC;Mayville Engineering Company, Inc.;0001766368
IBEX;IBEX Ltd;0001720420
IHRT;iHeartMedia, Inc.;0001400891
DOMO;DOMO, INC.;0001505952
TTSH;TILE SHOP HOLDINGS, INC.;0001552800
SSBK;Southern States Bancshares, Inc.;0001689731
MCFT;MasterCraft Boat Holdings, Inc.;0001638290
RBB;RBB Bancorp;0001499422
BCML;BayCom Corp;0001730984
PDLB;Ponce Financial Group, Inc.;0001874071
NUS;NU SKIN ENTERPRISES, INC.;0001021561
VALU;VALUE LINE INC;0000717720
SNFCA;SECURITY NATIONAL FINANCIAL CORP;0000318673
ONEW;OneWater Marine Inc.;0001772921
AEHR;AEHR TEST SYSTEMS;0001040470
PRME;Prime Medicine, Inc.;0001894562
PSTL;Postal Realty Trust, Inc.;0001759774
OCN;OMNICOM GROUP INC.;0000029989
COOK;Traeger, Inc.;0001857853
LAW;CS Disco, Inc.;0001625641
ARTNA;ARTESIAN RESOURCES CORP;0000863110
TRVI;Trevi Therapeutics, Inc.;0001563880
VPG;Vishay Precision Group, Inc.;0001487952
MG;Mistras Group, Inc.;0001436126
FLIC;FIRST OF LONG ISLAND CORP;0000740663
XOMA;XOMA Royalty Corp;0000791908
NODK;NI Holdings, Inc.;0001681206
FSBW;FS Bancorp, Inc.;0001530249
REFI;Chicago Atlantic Real Estate Finance, Inc.;0001867949
MPX;MARINE PRODUCTS CORP;0001129155
VMD;VIEMED HEALTHCARE, INC.;0001729149
VUZI;Vuzix Corp;0001463972
OBT;Orange County Bancorp, Inc. /DE/;0001754226
SMTI;Sanara MedTech Inc.;0000714256
BKKT;Bakkt Holdings, Inc.;0001820302
ZUMZ;Zumiez Inc;0001318008
JOUT;JOHNSON OUTDOORS INC;0000788329
QTRX;Quanterix Corp;0001503274
PBFS;Pioneer Bancorp, Inc./MD;0001769663
CIX;COMPX INTERNATIONAL INC;0001049606
SFST;SOUTHERN FIRST BANCSHARES INC;0001090009
LESL;Leslie's, Inc.;0001821806
CZFS;CITIZENS FINANCIAL SERVICES INC;0000739421
COFS;CHOICEONE FINANCIAL SERVICES INC;0000803164
TRUE;TrueCar, Inc.;0001327318
CBAN;COLONY BANKCORP INC;0000711669
OLMA;Olema Pharmaceuticals, Inc.;0001750284
FDMT;4D Molecular Therapeutics, Inc.;0001650648
CDXS;CODEXIS, INC.;0001200375
FHTX;Foghorn Therapeutics Inc.;0001822462
AVNW;AVIAT NETWORKS, INC.;0001377789
TNGX;Tango Therapeutics, Inc.;0001819133
EAF;GRAFTECH INTERNATIONAL LTD;0000931148
BLDE;Blade Air Mobility, Inc.;0001779128
LSEA;Landsea Homes Corp;0001721386
VYGR;Voyager Therapeutics, Inc.;0001640266
OSUR;ORASURE TECHNOLOGIES INC;0001116463
NMRA;Neumora Therapeutics, Inc.;0001885522
PCB;PCB BANCORP;0001423869
FNLC;First Bancorp, Inc /ME/;0000765207
FORR;FORRESTER RESEARCH, INC.;0001023313
PKE;PARK AEROSPACE CORP;0000076267
QSI;Quantum-Si Inc;0001816431
NOVA;Sunnova Energy International Inc.;0001772695
TDUP;ThredUp Inc.;0001484778
IRWD;IRONWOOD PHARMACEUTICALS INC;0001446847
EHTH;eHealth, Inc.;0001333493
ONTF;ON24 INC.;0001110611
KOD;Kodiak Sciences Inc.;0001468748
IRBT;IROBOT CORP;0001159167
TG;TREDEGAR CORP;0000850429
PCYO;PURE CYCLE CORP;0000276720
JMSB;John Marshall Bancorp, Inc.;0001710482
FRST;Primis Financial Corp.;0001325670
YMAB;Y-mAbs Therapeutics, Inc.;0001722964
GWRS;Global Water Resources, Inc.;0001434728
INSE;Inspired Entertainment, Inc.;0001615063
PLBC;PLUMAS BANCORP;0001168455
LXRX;LEXICON PHARMACEUTICALS, INC.;0001062822
IMMR;IMMERSION CORP;0001058811
VNDA;Vanda Pharmaceuticals Inc.;0001347178
RGP;RESOURCES CONNECTION, INC.;0001084765
NATR;NATURES SUNSHINE PRODUCTS INC;0000275053
MVBF;MVB FINANCIAL CORP;0001277902
LUNG;Pulmonx Corp;0001127537
BTMD;biote Corp.;0001819253
ITOS;iTeos Therapeutics, Inc.;0001808865
REI;RING ENERGY, INC.;0001384195
FDBC;FIDELITY D & D BANCORP INC;0001098151
ANIK;Anika Therapeutics, Inc.;0000898437
SMRT;SmartRent, Inc.;0001837014
SKIL;Skillsoft Corp.;0001774675
NRGV;Energy Vault Holdings, Inc.;0001828536
AVIR;Atea Pharmaceuticals, Inc.;0001593899
AFRI;Forafric Global PLC;0001903870
RMNI;Rimini Street, Inc.;0001635282
SAMG;Silvercrest Asset Management Group Inc.;0001549966
HDSN;HUDSON TECHNOLOGIES INC /NY;0000925528
DBI;Designer Brands Inc.;0001319947
ATNI;ATN International, Inc.;0000879585
ZVIA;Zevia PBC;0001854139
INGN;Inogen Inc;0001294133
HRTX;HERON THERAPEUTICS, INC. /DE/;0000818033
BTBT;Bit Digital, Inc;0001710350
ARAY;ACCURAY INC;0001138723
CPS;Cooper-Standard Holdings Inc.;0001320461
AOMR;Angel Oak Mortgage REIT, Inc.;0001766478
PANL;Pangaea Logistics Solutions Ltd.;0001606909
SBT;Sterling Bancorp, Inc.;0001680379
ATOM;Atomera Inc;0001420520
TSBK;TIMBERLAND BANCORP INC;0001046050
ALTG;ALTA EQUIPMENT GROUP INC.;0001759824
EVBN;EVANS BANCORP INC;0000842518
FOA;Finance of America Companies Inc.;0001828937
SGMO;SANGAMO THERAPEUTICS, INC;0001001233
CHMG;CHEMUNG FINANCIAL CORP;0000763563
DSGN;Design Therapeutics, Inc.;0001807120
WTI;W&T OFFSHORE INC;0001288403
ZYXI;ZYNEX INC;0000846475
SLDP;Solid Power, Inc.;0001844862
CPSS;CONSUMER PORTFOLIO SERVICES, INC.;0000889609
PWOD;PENNS WOODS BANCORP INC;0000716605
PINE;Alpine Income Property Trust, Inc.;0001786117
NOTE;FiscalNote Holdings, Inc.;0001823466
OVLY;Oak Valley Bancorp;0001431567
TCI;TRANSCONTINENTAL REALTY INVESTORS INC;0000733590
PKBK;PARKE BANCORP, INC.;0001315399
FVCB;FVCBankcorp, Inc.;0001675644
NC;NACCO INDUSTRIES INC;0000789933
ARL;AMERICAN REALTY INVESTORS INC;0001102238
DC;Dakota Gold Corp.;0001852353
ALCO;ALICO, INC.;0000003545
BLFY;Blue Foundry Bancorp;0001846017
ONL;Orion Office REIT Inc.;0001873923
KFS;KINGSWAY FINANCIAL SERVICES INC;0001072627
ESSA;ESSA Bancorp, Inc.;0001382230
RGCO;RGC RESOURCES INC;0001069533
AEVA;Aeva Technologies, Inc.;0001789029
LCNB;LCNB CORP;0001074902
MYPS;PLAYSTUDIOS, Inc.;0001823878
NXDT;NEXPOINT DIVERSIFIED REAL ESTATE TRUST;0001356115
FET;FORUM ENERGY TECHNOLOGIES, INC.;0001401257
MBCN;MIDDLEFIELD BANC CORP;0000836147
LRMR;Larimar Therapeutics, Inc.;0001374690
TBI;TrueBlue, Inc.;0000768899
FF;FutureFuel Corp.;0001337298
NVRO;NEVRO CORP;0001444380
NAUT;Nautilus Biotechnology, Inc.;0001808805
KRMD;KORU Medical Systems, Inc.;0000704440
POWW;AMMO, INC.;0001015383
OBIO;Orchestra BioMed Holdings, Inc.;0001814114
NWFL;NORWOOD FINANCIAL CORP;0001013272
MYFW;First Western Financial Inc;0001327607
HSHP;Himalaya Shipping Ltd.;0001959455
THRD;Third Harmonic Bio, Inc.;0001923840
LWLG;Lightwave Logic, Inc.;0001325964
GENC;GENCOR INDUSTRIES INC;0000064472
FCCO;FIRST COMMUNITY CORP /SC/;0000932781
UHG;United Homes Group, Inc.;0001830188
UTMD;UTAH MEDICAL PRODUCTS INC;0000706698
WISH;ContextLogic Inc.;0001822250
ESCA;ESCALADE INC;0000033488
SKYX;SKYX Platforms Corp.;0001598981
SWKH;SWK Holdings Corp;0001089907
CIO;City Office REIT, Inc.;0001593222
SKIN;Beauty Health Co;0001818093
VABK;Virginia National Bankshares Corp;0001572334
EP;EMPIRE PETROLEUM CORP;0000887396
HMST;HomeStreet, Inc.;0001518715
CMCL;Caledonia Mining Corp Plc;0000766011
EVC;ENTRAVISION COMMUNICATIONS CORP;0001109116
SLRN;ACELYRIN, Inc.;0001962918
RMAX;RE/MAX Holdings, Inc.;0001581091
FLL;FULL HOUSE RESORTS INC;0000891482
PLX;Protalix BioTherapeutics, Inc.;0001006281
RELL;RICHARDSON ELECTRONICS, LTD.;0000355948
AFCG;Advanced Flower Capital Inc.;0001822523
MKTW;MARKETWISE, INC.;0001805651
PLRX;PLIANT THERAPEUTICS, INC.;0001746473
SMHI;SEACOR Marine Holdings Inc.;0001690334
LAZR;Luminar Technologies, Inc./DE;0001758057
PFMT;Performant Healthcare Inc.;0001550695
FENC;FENNEC PHARMACEUTICALS INC.;0001211583
EGAN;EGAIN Corp;0001066194
INBX;Inhibrx Inc.;0002007919
CLAR;Clarus Corp;0000913277
HQI;HireQuest, Inc.;0001140102
NKSH;NATIONAL BANKSHARES INC;0000796534
ELA;Envela Corp;0000701719
PMTS;CPI Card Group Inc.;0001641614
BCBP;BCB BANCORP INC;0001228454
JRVR;James River Group Holdings, Ltd.;0001620459
AMWL;American Well Corp;0001393584
RCKY;ROCKY BRANDS, INC.;0000895456
BHR;Braemar Hotels & Resorts Inc.;0001574085
JYNT;JOINT Corp;0001612630
INFU;InfuSystem Holdings, Inc;0001337013
SSTI;SOUNDTHINKING, INC.;0001351636
DOUG;Douglas Elliman Inc.;0001878897
VATE;INNOVATE Corp.;0001006837
VOXX;VOXX International Corp;0000807707
SCPH;scPharmaceuticals Inc.;0001604950
CDLX;Cardlytics, Inc.;0001666071
MED;MEDIFAST INC;0000910329
AVD;AMERICAN VANGUARD CORP;0000005981
TCX;TUCOWS INC /PA/;0000909494
ATLO;AMES NATIONAL CORP;0001132651
TTEC;TTEC Holdings, Inc.;0001013880
SSP;E.W. SCRIPPS Co;0000832428
STRS;STRATUS PROPERTIES INC;0000885508
ALEC;Alector, Inc.;0001653087
III;Information Services Group Inc.;0001371489
PLL;Piedmont Lithium Inc.;0001728205
MGNX;MACROGENICS INC;0001125345
GNLX;GENELUX Corp;0001231457
TSE;Trinseo PLC;0001519061
LYEL;Lyell Immunopharma, Inc.;0001806952
GPMT;Granite Point Mortgage Trust Inc.;0001703644
LNZA;LanzaTech Global, Inc.;0001843724
FRGE;Forge Global Holdings, Inc.;0001827821
FCEL;FUELCELL ENERGY INC;0000886128
STRO;SUTRO BIOPHARMA, INC.;0001382101
NKTX;Nkarta, Inc.;0001787400
IAUX;i-80 Gold Corp.;0001853962
ZNTL;Zentalis Pharmaceuticals, Inc.;0001725160
CHGG;CHEGG, INC;0001364954
DHX;DHI GROUP, INC.;0001393883
PAYS;Paysign, Inc.;0001496443
TUSK;MAMMOTH ENERGY SERVICES, INC.;0001679268
FATE;FATE THERAPEUTICS INC;0001434316
SGMT;Sagimet Biosciences Inc.;0001400118
TSQ;Townsquare Media, Inc.;0001499832
HFFG;HF Foods Group Inc.;0001680873
DXLG;DESTINATION XL GROUP, INC.;0000813298
HOFT;HOOKER FURNISHINGS Corp;0001077688
GPRO;GoPro, Inc.;0001500435
SEER;Seer, Inc.;0001726445
SGHT;Sight Sciences, Inc.;0001531177
CHRS;Coherus BioSciences, Inc.;0001512762
MCRB;Seres Therapeutics, Inc.;0001609809
VERI;Veritone, Inc.;0001615165
RILY;B. Riley Financial, Inc.;0001464790
QIPT;Quipt Home Medical Corp.;0001540013
CTGO;Contango ORE, Inc.;0001502377
TSVT;2seventy bio, Inc.;0001860782
PLCE;Children's Place, Inc.;0001041859
TLYS;TILLY'S, INC.;0001524025
MNSB;MainStreet Bancshares, Inc.;0001693577
ORGN;Origin Materials, Inc.;0001802457
LCTX;Lineage Cell Therapeutics, Inc.;0000876343
SPCE;Virgin Galactic Holdings, Inc;0001706946
CMT;CORE MOLDING TECHNOLOGIES INC;0001026655
SRI;STONERIDGE INC;0001043337
LPSN;LIVEPERSON INC;0001102993
NVCT;Nuvectis Pharma, Inc.;0001875558
CRBU;Caribou Biosciences, Inc.;0001619856
KVHI;KVH INDUSTRIES INC \DE\;0001007587
VTYX;Ventyx Biosciences, Inc.;0001851194
AKYA;Akoya Biosciences, Inc.;0001711933
SAVA;CASSAVA SCIENCES INC;0001069530
STHO;Star Holdings;0001953366
PETS;PETMED EXPRESS INC;0001040130
VIGL;Vigil Neuroscience, Inc.;0001827087
BLNK;Blink Charging Co.;0001429764
TELA;TELA Bio, Inc.;0001561921
ENTA;ENANTA PHARMACEUTICALS INC;0001177648
OPRX;OptimizeRx Corp;0001448431
DLTH;DULUTH HOLDINGS INC.;0001649744
INTT;INTEST CORP;0001036262
VRA;Vera Bradley, Inc.;0001495320
EDIT;Editas Medicine, Inc.;0001650664
STKS;ONE Group Hospitality, Inc.;0001399520
VOR;Vor Biopharma Inc.;0001817229
CNTY;CENTURY CASINOS INC /CO/;0000911147
IVAC;INTEVAC INC;0001001902
STEM;STEM, INC.;0001758766
FOSL;Fossil Group, Inc.;0000883569
HLVX;HilleVax, Inc.;0001888012
GRWG;GrowGeneration Corp.;0001604868
INZY;Inozyme Pharma, Inc.;0001693011
DTC;Solo Brands, Inc.;0001870600
DM;Desktop Metal, Inc.;0001754820
MHLD;Maiden Holdings, Ltd.;0001412100
XFOR;X4 Pharmaceuticals, Inc;0001501697
MRSN;Mersana Therapeutics, Inc.;0001442836
SCLX;Scilex Holding Co;0001820190
MASS;908 Devices Inc.;0001555279
CUE;Cue Biopharma, Inc.;0001645460
KLXE;KLX Energy Services Holdings, Inc.;0001738827
IGMS;IGM Biosciences, Inc.;0001496323
MODV;ModivCare Inc;0001220754
RRGB;RED ROBIN GOURMET BURGERS INC;0001171759
ASRT;Assertio Holdings, Inc.;0001808665
KPTI;Karyopharm Therapeutics Inc.;0001503802
RPHM;OnKure Therapeutics, Inc.;0001637715
AGEN;AGENUS INC;0001098972
PMVP;PMV Pharmaceuticals, Inc.;0001699382
RBOT;Vicarious Surgical Inc.;0001812173
NDLS;NOODLES & Co;0001275158
MURA;Mural Oncology plc;0001971543
SPWH;SPORTSMAN'S WAREHOUSE HOLDINGS, INC.;0001132105
TNYA;Tenaya Therapeutics, Inc.;0001858848
WW;WW INTERNATIONAL, INC.;0000105319
AVTE;Aerovate Therapeutics, Inc.;0001798749
PIII;P3 Health Partners Inc.;0001832511
IKNA;Ikena Oncology, Inc.;0001835579
CATO;CATO CORP;0000018255
ME;23andMe Holding Co.;0001804591
CVGI;Commercial Vehicle Group, Inc.;0001290900
CMTL;COMTECH TELECOMMUNICATIONS CORP /DE/;0000023197
AADI;Aadi Bioscience, Inc.;0001422142
TPIC;TPI COMPOSITES, INC;0001455684
UONE;URBAN ONE, INC.;0001041657
UONEK;URBAN ONE, INC.;0001041657
CLPR;Clipper Realty Inc.;0001649096
GWH;ESS Tech, Inc.;0001819438
PRTS;CarParts.com, Inc.;0001378950
HBIO;HARVARD BIOSCIENCE INC;0001123494
IPSC;Century Therapeutics, Inc.;0001850119
BLUE;bluebird bio, Inc.;0001293971
PRLD;Prelude Therapeutics Inc;0001678660
IMRX;Immuneering Corp;0001790340
OPTN;OptiNose, Inc.;0001494650
SST;System1, Inc.;0001805833
ALXO;ALX ONCOLOGY HOLDINGS INC;0001810182
PDSB;PDS Biotechnology Corp;0001472091
BIRD;Allbirds, Inc.;0001653909
ATRA;Atara Biotherapeutics, Inc.;0001604464
OPI;OFFICE PROPERTIES INCOME TRUST;0001456772
SCWO;374Water Inc.;0000933972
FGEN;FIBROGEN INC;0000921299
ALVR;Allovir, Inc.;0001754068
GBIO;Generation Bio Co.;0001733294
OVID;Ovid Therapeutics Inc.;0001636651
KZR;Kezar Life Sciences, Inc.;0001645666
PEPG;PepGen Inc.;0001835597
FTCI;FTC Solar, Inc.;0001828161
CMBM;Cambium Networks Corp;0001738177
OTLK;Outlook Therapeutics, Inc.;0001649989
OM;Outset Medical, Inc.;0001484612
RAPT;RAPT Therapeutics, Inc.;0001673772
XAIR;Beyond Air, Inc.;0001641631
ATNM;Actinium Pharmaceuticals, Inc.;0001388320
BGFV;BIG 5 SPORTING GOODS Corp;0001156388
RLYB;Rallybio Corp;0001739410
NKLA;Nikola Corp;0001731289
MRNS;MARINUS PHARMACEUTICALS, INC.;0001267813
VRCA;Verrica Pharmaceuticals Inc.;0001660334
RENT;Rent the Runway, Inc.;0001468327
VGAS;Verde Clean Fuels, Inc.;0001841425
ALLK;Allakos Inc.;0001564824
CARA;Cara Therapeutics, Inc.;0001346830
FEAM;5E Advanced Materials, Inc.;0001888654
WKHS;Workhorse Group Inc.;0001425287
LICY;Li-Cycle Holdings Corp.;0001828811
BCAB;BioAtla, Inc.;0001826892
CARM;Carisma Therapeutics Inc.;0001485003
ZURA;Zura Bio Ltd;0001855644
DFLI;Dragonfly Energy Holdings Corp.;0001847986
RCEL;AVITA Medical, Inc.;0001762303
GORV;Lazydays Holdings, Inc.;0001721741
TSBX;Turnstone Biologics Corp.;0001764974
CUTR;CUTERA INC;0001162461
BTAI;BioXcel Therapeutics, Inc.;0001720893
BHIL;Benson Hill, Inc.;0001830210
OMGA;Omega Therapeutics, Inc.;0001850838
CNK;Cinemark Holdings, Inc.;0001385280
LPTV;Loop Media, Inc.;0001643988
MAXN;Maxeon Solar Technologies, Ltd.;0001796898
EYEN;EYENOVIA, INC.;0001682639
BRBS;Blue Ridge Bankshares Inc.;0000842717
PFBC;Preferred Bank;0001492165
AROW;ARROW FINANCIAL CORP;0000717538
EPRT;ESSENTIAL PROPERTIES REALTY TRUST, INC.;0001728951
AUB;Atlantic Union Bankshares Corp;0000883948
EVI;EVI INDUSTRIES, INC.;0000065312
WT;WisdomTree, Inc.;0000880631
ACDC;ProFrac Holding Corp.;0001881487
AGX;ARGAN INC;0000100591
AGYS;AGILYSYS INC;0000078749
AKTS;Akoustis Technologies Inc.;0001584754
ALLO;Allogene Therapeutics, Inc.;0001737287
ALNT;ALLIENT INC;0000046129
ALTM;Arcadium Lithium plc;0001977303
APGE;Apogee Therapeutics, Inc.;0001974640
ARQT;Arcutis Biotherapeutics Inc.;0001787306
ASUR;ASURE SOFTWARE INC;0000884144
ATEC;Alphatec Holdings, Inc.;0001350653
ATSG;Air Transport Services Group, Inc.;0000894081
ATXS;Astria Therapeutics, Inc.;0001454789
AXGN;Axogen, Inc.;0000805928
AXL;AMERICAN AXLE & MANUFACTURING HOLDINGS INC;0001062231
BBSI;BARRETT BUSINESS SERVICES INC;0000902791
BBUC;Brookfield Business Corp;0001871130
BBW;BUILD-A-BEAR WORKSHOP INC;0001113809
BFS;SAUL CENTERS, INC.;0000907254
BGXX;Bright Green Corp;0001886799
BKD;Brookdale Senior Living Inc.;0001332349
BLX;FOREIGN TRADE BANK OF LATIN AMERICA, INC.;0000890541
CLBK;Columbia Financial, Inc.;0001723596
CTXR;Citius Pharmaceuticals, Inc.;0001506251
DNMR;Danimer Scientific, Inc.;0001779020
DZSI;DZS INC.;0001101680
EGRX;Eagle Pharmaceuticals Inc-DE;0000827871
EPC;EDGEWELL PERSONAL CARE Co;0001096752
EPM;EVOLUTION PETROLEUM CORP;0001006655
EQBK;EQUITY BANCSHARES INC;0001227500
EQC;Equity Commonwealth;0000803649
ERAS;Erasca, Inc.;0001761918
ERII;Energy Recovery, Inc.;0001421517
ISPR;Ispire Technology Inc.;0001948455
PRPL;Purple Innovation, Inc.;0001643953
XPOF;Xponential Fitness, Inc.;0001802156
